Zin;Context;Vertaling NGT/opmerking;Bijbehorende uitleg/grammatica;Naam;;
Doe je je jas aan?;Aankleden;;;Henrianne;;
Doe je schoenen aan.;Aankleden;;;Henrianne;;
doe jij het even? ;Aankleden;;;Henrianne;;
Doe maar je armen omhoog.;Aankleden;;;Henrianne;;
Draai je maar om.;Aankleden;;;Henrianne;;
eerst je broek aan;Aankleden;;;Henrianne;;
Even een schone onderbroek aandoen.;Aankleden;;;Henrianne;;
ga je maar aankleden;Aankleden;;;Henrianne;;
Ga maar even staan.;Aankleden;;;Henrianne;2x;
Ga maar zitten;Aankleden;;;Henrianne;;
Heb je een schone onderbroek aangetrokken?;Aankleden;;;Henrianne;;
het gaat regenen vandaag, dus je moet lange mouwen aan.;Aankleden;;;Diego;;
Het wordt heel warm, dus je hoeft alleen maar een jurkje aan.;aankleden;;;Diego;;
Je hebt geen jas nodig.;aankleden;;;Diego;;
Je mag zelf je kleren uitzoeken;aankleden;;;Diego;;
je moet sokken aan, want je krijgt dichte schoenen aan.;aankleden;;;Diego;2x;
je moet toch een lange broek aan, want het wordt fris vandaag.;aankleden;;;Diego;;
Kom maar, gaan we aankleden?;aankleden;;;Diego;;
Kom maar, gaan we kleertjes aandoen?;Aankleden;Weg, zelfde als hierboven;;X;Geen;
Kom, dan doen we nog even wat gel in je haar.;Aankleden;;OP;Diego;;
Kom, dan zetten we je pet op.;Aankleden;;;Diego;2x;
Kom, we gaan je kleertjes pakken.;Aankleden;;;Diego;;
Nee, het is koud buiten, dus we moeten wel een jas aan.;aankleden;;;Tobias;;
o, het is heel warm, dus je kan iets met korte mouwen aan.;aankleden;;;Tobias;;
Pak je jas.;aankleden;;;Tobias;;
pak maar een schone onderbroek.;aankleden;;;Tobias;;
probeer je het zelf? ;aankleden;;;Tobias;;
regenkleding aan, want dan kunnen we gewoon buiten spelen.;Aankleden;;;Tobias;;
Trek je schoenen maar aan.;aankleden;;;Tobias;;
Waar is je pet?;aankleden;;;Tobias;;
wat wil je aan?;Aankleden;;;Tobias;;
Wat zit er allemaal in je tas?;aankleden;;;Tobias;;
We doen een lekkere warme trui aan.;Aankleden;;;Tobias;;
We doen even een schone romper aan.;aankleden;;;Tobias;;
we doen nu even je romper uit.;Aankleden;;;Manouk;;
We gaan de schoenen aandoen en dan gaan we naar school toe.;Aankleden;;;Manouk;;
We gaan even je onderbroek uitzoeken.;aankleden;;;Manouk;;
we gaan nu aankleden.;Aankleden;;;Manouk;;
We gaan nu een T-shirt pakken ;Aankleden;;;Manouk;;
We gaan nu je shirt aandoen.;Aankleden;;;Manouk;;
Wil je een korte of lange broek aan?;Aankleden;;;Manouk;;
Wil je een T-shirt aan of een shirt met lange mouwen?;Aankleden;;;Manouk;;
Wil je nog meer kleding aan?;Aankleden;;;Manouk;;
wil je schoenen aan of sandalen?;aankleden;;;Manouk;;
zullen we wat gel in je haar doen?;Aankleden;;;Manouk;;
Daarna gaan we weer naar huis.;Aankleden;;;Manouk;;
Dit boek nemen we mee naar huis.;bibliotheek;;;Henrianne;;
gaan we boekjes uitzoeken?;bibliotheek;;;Henrianne;;
Gaan we deze boekjes lenen?;bibliotheek;;;Henrianne;;
Ja, zullen wij dit boekje even lezen?;bibliotheek;;;Diego;;
Kijk, daar is een boek van Kikker.;bibliotheek;;;Diego;;
We hebben nu genoeg boekjes.;bibliotheek;;;Diego;;
Welke boekjes vind jij leuk?;bibliotheek;;;Tobias;;
Wil je De hut van Haasje of wil je Jip en Janneke?;bibliotheek;;;Tobias;;
Wil je zelf een boekje lezen?;bibliotheek;;;Manouk;;
Zullen we die nemen?;bibliotheek;;;Manouk;;
Dat hebben we niet nodig.;bibliotheek;;;Manouk;;
Dat staat niet op de (boodschappen)lijst.;Boodschappen doen;;;Henrianne;;
Even bij mama blijven.;Boodschappen doen;(Vader zegt dit);;Henrianne;;
Ga je straks mee boodschappen doen met papa of wil je dat met mama doen?;Boodschappen doen;Eerste papa dan mama en tweede, mama dan mama;;Henrianne;2x;Diego ook? vanuit vader
Je kan niet alles hebben.;Boodschappen doen;;;Henrianne;2x;
Kan je het zelfscan-apparaatje even pakken en even bliepen/scannen?;Boodschappen doen;;;Henrianne;;
Kan je me even helpen met de boodschappen opruimen?;boodschappen doen;;;Henrianne;;
Kan je voor mij het pak melk pakken?;boodschappen doen;;;Henrianne;;
kom, we gaan boodschappen doen;boodschappen doen;;;Henrianne;;
leg maar terug.;boodschappen doen;;;Henrianne;;
Loop maar alvast naar het brood.;Boodschappen doen;;;Henrianne;;
Mama gaat even pinnen.;Boodschappen doen;;;Henrianne;;
Papa gaat nu even de kaas pakken.;Boodschappen doen;;;Diego;;
Nee, dat mag je niet hebben.;Boodschappen doen;;;Diego;;
O, we moeten nog kip hebben.;Boodschappen doen;;;Diego;;
pak jij de ham even?;Boodschappen doen;;;Diego;;
Pak jij het boodschappenkarretje?;Boodschappen doen;;Directionele werkwoorden;Diego;;
vraag maar om zegeltjes aan de kassamevrouw.;Boodschappen doen;;Directionele werkwoorden;Diego;2x;
Wat voor groenten wil je kopen?;Boodschappen doen;Wat voor groenten wil je?;;Diego;;
Wat voor toetje zullen we kopen?;boodschappen doen;;;Diego;;
Wat wil je morgen eten? ;boodschappen doen;;In NL wil, in NGT met mimiek;Diego;;
We doen de boodschappen in de tas.;boodschappen doen;;;Diego;;
we gaan de kar/boodschappenwagen weer terugzetten.;Boodschappen doen;;;Diego;;
we gaan naar de winkel;Boodschappen doen;;;Tobias;;
We gaan nu betalen en dan gaan we daarna naar huis.;boodschappen doen;;;Tobias;;
We gaan samen vlees uitkiezen.;Boodschappen doen;;;Tobias;;
We moeten alleen nog paprika hebben.;Boodschappen doen;;;Tobias;;
We zijn de ham vergeten.;Boodschappen doen;;;Tobias;;
We zijn op de fiets.;Boodschappen doen;;;Tobias;;
Wil je een eigen boodschappenkarretje?;Boodschappen doen;;;Tobias;;
Wil je nog iets kopen voor op brood?;Boodschappen doen;;;Manouk;;
Wil je nog iets speciaals kopen bij de supermarkt?;boodschappen doen;;;Manouk;;
Wil jij de boodschappen scannen?;boodschappen doen;;;Manouk;;
Zet de boodschappenkar maar terug.;Boodschappen doen;;;Manouk;;
Zullen we nu alles eventjes één voor één bliepen/scannen en dan in de tas doen?;Boodschappen doen;;;Manouk;;
Daar kunnen we aardbeien plukken.;boodschappen doen;;;Manouk;;
Daar zijn mooie bloemen.;buiten;;;Henrianne;;
Kijk, daar groeien plantjes.;buiten;;;Henrianne;;
Kijk, het plantje is al groot.;buiten;;;Diego;;
We gaan naar de moestuin.;buiten;;;Diego;;
We kunnen tomaten plukken.;buiten;;;Tobias;;
Dat heb je helemaal zelf gedaan.;buiten;;;Manouk;;
Dat hebben we goed gedaan.;Complimenten;wij-tweeën;;Henrianne;;
Dat is echt lief van jou.;Complimenten;;;Henrianne;;
Dat is een goed idee.;Complimenten;;;Henrianne;;
Dit kon je eerst nog niet en nu kan je het gewoon.;Complimenten;;;Henrianne;;
Goed gedaan!;Complimenten;;;Henrianne;;
Goed gegeten.;Complimenten;;;Henrianne;;
goed opgeruimd.;complimenten;;;Henrianne;;
Goed stil gezeten.;complimenten;;;Henrianne;;
goed zo!;Complimenten;;;Henrianne;;
Het is duidelijk dat je al vier bent.;complimenten;;;Henrianne;;
het is duidelijk dat je echt al een grote meid bent.;Complimenten;;;Henrianne;;
Het was lastig, maar we hebben het toch goed gedaan.;Complimenten;;;Diego;;
Ik vind echt dat je het knap hebt gedaan.;Complimenten;;;Diego;;
Ik vind het heel goed dat je dit zo doet.;complimenten;;;Diego;;
Je bent blijven oefenen en nu kan je iets wat je eerst niet kon.;complimenten;;;Diego;2x;
Je bent echt goed in het spel.;complimenten;;;Diego;;
Je bent een schatje.;complimenten;;;Diego;;
Je bent geweldig.;complimenten;;;Diego;;
Je bent lief.;complimenten;;;Diego;;
Je bent mooi.;complimenten;;;Diego;;
Je bent superlief voor anderen.;complimenten;;;Diego;;
Je bent zo lekker bezig geweest.;complimenten;;;Diego;;
Je doet het heel goed;complimenten;;;Tobias;;
je hebt goed gedeeld.;complimenten;;;Tobias;;
Je hebt goed je best gedaan.;complimenten;;;Tobias;;
je hebt heel goed geluisterd;complimenten;;;Tobias;;
Je hebt lekker met je vriendjes gespeeld.;complimenten;;;Tobias;;
Je hebt zo goed doorgezet!;complimenten;;;Tobias;;
Je wordt al een grote jongen!;complimenten;;;Tobias;;
knap hoor.;Complimenten;;;Tobias;;
wat ben je lekker bezig.;Complimenten;;;Tobias;;
Wat ben je lief voor je broertje.;complimenten;;;Tobias;;
Wat cool dat je dat zelf gemaakt hebt.;complimenten;;;Tobias;;
Wat een mooie tekening!;complimenten;;;Tobias;;
Wat gezellig is het met je.;complimenten;;;Tobias;;
Wat goed dat je dat hebt geregeld voor jezelf.;Complimenten;;;Tobias;;
wat goed dat je even wacht tot je mond leeg is.;complimenten;;;Manouk;;
wat goed dat je het zo hebt opgelost;complimenten;;;Manouk;;
Wat goed dat je zo rustig blijft zitten.;complimenten;;;Manouk;;
Wat heb je goed meegewerkt.;complimenten;;;Manouk;;
wat lief dat je ook aan de anderen denkt.;complimenten;;;Manouk;;
Wat was het een gezellige dag.;Complimenten;;;Manouk;;
Wat word je al groot.;complimenten;;;Manouk;;
Wat zeg je dat goed.;Complimenten;;;Manouk;;
Wauw, heb je allebei je boterhammen met korst al op?;complimenten;;;Manouk;;
We hebben super goed samengewerkt.;complimenten;;;Manouk;;
Wil je een high five? Of een boks?;complimenten;;;Manouk;;
Aai maar alleen over zijn hoofdje.;complimenten;;;Manouk;;
Aai maar over zijn neus.;dieren;;;Henrianne;;
Als de kat krabt geeft hij echt aan dat je te ver gaat.;dieren;;;Henrianne;;
Als je het heel voorzichtig doet, mag je het lieveheersbeestje bekijken.;Dieren;;;Henrianne;;
Daar is een eekhoorn.;Dieren;;;Henrianne;;
De cavia voelt lekker zacht.;Dieren;;;Henrianne;;
De kat is aan het spelen.;dieren;;;Henrianne;;
De kat komt een kopje geven.;dieren;;;Henrianne;;
De poes is dood, dat is wel jammer.;dieren;;;Henrianne;;
De poes is een beetje bang.;dieren;;;Henrianne;;
De poes kan krabben.;dieren;;;Henrianne;;
De poes schrikt van jou.;dieren;;;Henrianne;;
Denk je dat het paardje lekker zacht is?;dieren;;;Henrianne;;
Die spin is echt banger voor jou dan jij voor hem.;Dieren;;OP, vergelijkingen ;Henrianne;;
Dieren kunnen niet praten, maar dat betekent niet dat ze niet kunnen voelen.;Dieren;Dieren kunnen niet praten, maar hebben wel gevoel.;;Henrianne;;
Doe de brokjes maar in het bakje.;Dieren;;lokalisatie;Diego;;
Eerst aan het baasje vragen of je de hond mag aaien.;dieren;;;Diego;;
Er loopt een poes buiten.;Dieren;;pronoun copy;Diego;;
Ga de hond maar aaien, dat vindt hij fijn.;dieren;;pronoun copy;Diego;;
Ga je mee de geitjes voeren?;Dieren;;Meervoud, directionele werkwoorden;Diego;;
Ga rustig zitten, dan komt de hond vanzelf wel naar je toe.;Dieren;;;Diego;;
Geen beestjes pakken.;Dieren;;;Diego;;
Gezellig hè, dat de poes er is.;Dieren;;;Diego;;
Het konijn vindt jou ook lief.;dieren;;;Diego;;
Hoe beweegt een eend in het water?;dieren;;;Diego;;
Hoe voelt de vacht van een konijn aan?;dieren;;uitleg vertaling vraagwoorden;Diego;;
Hoe ziet de poep van die dieren eruit?;dieren;;;Diego;;
Hoe ziet de staart van een varken eruit?;dieren;;;Diego;;
Hoeveel apen zijn er?;dieren;;;Diego;;
je hebt een hond geaaid dus dan is het extra belangrijk om je handen te wassen;dieren;;;Tobias;;
Je kunt deze muis naar de poes gooien.;dieren;;;Tobias;;
Kijk, daar zijn de leeuwen.;dieren;;;Tobias;;
Kijk, dat varken ligt lekker in de modder.;dieren;;;Tobias;;
Kijk, de poes ligt te slapen.;dieren;;;Tobias;;
Kijk, er is een eekhoorntje!;dieren;;;Tobias;;
Kom, we gaan naar de geitjes.;dieren;;;Tobias;;
Kom, we gaan naar de schapen kijken.;dieren;;;Tobias;;
Kom, we gaan naar de vlindertuin.;dieren;;;Tobias;;
Kunnen we de dieren aaien, denk je?;dieren;;;Tobias;;
Laat de poes maar met rust.;dieren;;;Tobias;;
Laten we naar de giraffen gaan.;dieren;;;Tobias;;
Let op of de poes het leuk blijft vinden, anders gaat hij krabben en dat doet pijn.;dieren;;;Tobias;;
Lief spelen met de hond.;dieren;;;Tobias;;
Misschien kunnen we de konijnen aaien.;dieren;;;Tobias;;
Misschien zien we de pauw.;dieren;;;Tobias;;
Nee, niet optillen, hij heeft zelf pootjes, hij kan zelf lopen.;dieren;;;Tobias;;
Niet de hond optillen.;dieren;;;Tobias;;
Niet de poes aan zijn staart trekken.;dieren;;;Tobias;;
niet zomaar op vreemde dieren afstappen;dieren;;;Tobias;;
Ook voor insecten moet je lief zijn.;dieren;;;Tobias;;
probeer goed te kijken of de hond het nog wel leuk vindt.;dieren;;;Manouk;;
Spinnen zijn niet eng.;dieren;;;Manouk;;
Vind je de poes lief?;dieren;;;Manouk;;
Wat weet je van die dieren? ;dieren;;;Manouk;;
We gaan de kippen tellen.;dieren;;;Manouk;;
We gaan eens kijken wat daar allemaal te doen is.;dieren;;;Manouk;;
Wees lief voor dieren;dieren;;;Manouk;;
Welke dieren kunnen we tegenkomen?;dieren;;;Manouk;;
Welke dieren willen jullie als eerste zien?;dieren;;;Manouk;;
Welke dieren wonen er allemaal op de kinderboerderij?;dieren;;;Manouk;;
Wil je zien hoe de zeehonden gevoerd worden?;dieren;;;Manouk;;
Wil jij de vissen eten geven?;dieren;;;Manouk;;
Zachtjes aaien, van voor naar achter.;dieren;;;Manouk;;
Zo, die koe is groot!;dieren;;;Manouk;;
Zullen we de hond uitlaten?;dieren;;;Manouk;;
Zullen we naar de lammetjes gaan?;dieren;;;Manouk;;
Zullen we ook nog wat water pakken voor de poes?;dieren;;;Manouk;;
De dokter gaat even in je keel kijken.;dieren;;;Manouk;;
De dokter gaat even kijken of jouw oogjes goed zijn.;dokter;;;Henrianne;;
De dokter gaat je helpen.;dokter;;;Henrianne;;
De dokter gaat nu met het lampje kijken.;dokter;;;Henrianne;;
De dokter gaat straks naar je buik kijken.;dokter;;;Henrianne;;
de dokter is heel lief.;dokter;;;Henrianne;;
De dokter komt er zo aan en dan leg je dat speelgoed weg.;dokter;;;Henrianne;;
De dokter weet heel veel van je lichaam.;dokter;;;Diego;;
Ik ga zelf ook wel eens naar de dokter, dan helpt de dokter mij ook.;Dokter;;;Diego;;
Je hoeft geen prikje bij de dokter.;dokter;;;Diego;;
Je krijgt misschien wel een pilletje of zalfje van de dokter.;dokter;;;Diego;;
kijk anders maar even weg tijdens het prikje.;dokter;;;Diego;;
Kijk maar niet naar het prikje, kijk naar de knuffel.;dokter;;;Diego;;
Mama gaat even kletsen met de mevrouw;dokter;;;Tobias;;
Mama gaat mee.;dokter;;;Tobias;;
Misschien krijg je wel een sticker.;dokter;;;Tobias;;
Vertel maar waar het pijn doet.;dokter;;;Tobias;;
We gaan even kijken hoe groot jij bent.;dokter;;;Tobias;;
We gaan even kijken of jij goed groeit.;dokter;;;Manouk;;
We gaan even op de weegschaal.;dokter;;;Manouk;;
We gaan naar de dokter.;dokter;;;Manouk;;
We moeten even de kleertjes uitdoen, zodat de dokter kan kijken.;dokter;;;Manouk;;
We zijn zo aan de beurt.;dokter;;;Manouk;;
Als je dat doet, dan wordt mama boos.;dokter;;;Manouk;;
Ben je blij?;Emoties;;pronoun copy;Henrianne;;
ben je boos, omdat je trein wordt afgepakt?;emoties;;;Henrianne;;
ben je een beetje jaloers?;emoties;;pronoun copy;Henrianne;;
Ben je er klaar voor?;emoties;;;Henrianne;;
Ben je geschrokken?;Emoties;;pronoun copy;Henrianne;;
ben je naar de juf gegaan?;Emoties;;;Henrianne;;
Ben je verdrietig?;Emoties;;pronoun copy;Henrianne;;
Ben jij verdrietig dat opa er niet meer is?;emoties;Ben je verdrietig omdat opa dood is?;;Henrianne;;
Dat gaat wel over.;Emoties;;;Henrianne;;
Dat had ik anders van je verwacht.;emoties;;;Henrianne;;
Dat heb je wel eens./Dat hoort erbij.;Emoties;;;Henrianne;;
Dat is geen fijn gevoel.;emoties;;;Henrianne;;
dat is heel vervelend;Emoties;;;Henrianne;;
dat is inderdaad niet leuk;Emoties;;;Henrianne;;
Dat is niet zo aardig.;Emoties;;;Henrianne;;
Dat vindt Casper niet leuk.;Emoties;;;Henrianne;;
De andere kindjes komen ook.;emoties;;;Henrianne;;
Dit is echt niet oké.;emoties;;;Henrianne;;
Gaat alles goed?;Emoties;;;Henrianne;;
Heb je gevraagd of hij wilde stoppen?;Emoties;;;Henrianne;2x;
heb je gezegd wat je ervan vindt?;Emoties;;;Henrianne;2x;
Heb je het naar je zin?;Emoties;;;Diego;;
Het heeft niks met jou te maken.;emoties;;;Diego;;
Het is logisch dat je nu even verdrietig bent.;Emoties;;;Diego;;
Het is oké dat je moet huilen, maar nu is het wel even klaar.;Emoties;;;Diego;;
Het is oké om een beetje bang te zijn, papa en mama zijn hier bij je.;emoties;;;Diego;;
Het komt goed.;Emoties;;;Diego;;
Hoe denk je dat hij zich voelt?;Emoties;;;Diego;;
Hoe kan dat?;emoties;;;Diego;;
iedereen is anders.;emoties;;;Diego;;
iedereen mag zijn wie die is.;Emoties;;;Diego;;
Ik begrijp dat je je zo voelt.;Emoties;;;Diego;;
Ik begrijp waarom je boos bent, maar we moeten soms dingen anders doen.;emoties;;;Diego;;
Ik ben bij je.;emoties;;;Diego;;
Ik ben nu heel boos.;Emoties;;;Diego;;
Ik ben zo blij voor je dat je dit nu is gelukt.;emoties;;;Diego;;
Ik ben zo trots op jou.;emoties;;;Diego;;
Ik hou heel veel van je.;emoties;;;Diego;;
ik laat je heel even.;Emoties;;;Diego;;
Ik snap dat je boos bent, maar het is even niet anders.;emoties;;;Diego;;
Ik snap dat je het vervelend vindt dat mama nu met je broer bezig is, maar je moet nu even wachten.;emoties;;;Diego;;
Ik snap dat je nu boos bent omdat je niet mag spelen, maar we gaan nu eten.;emoties;;;Diego;;
Ik snap het.;emoties;;;Diego;;
Ik vind drie keer vragen genoeg, kun je nu gewoon luisteren.;emoties;;;Diego;;
Ik vind het echt heel vervelend dat je dit doet.;Emoties;;;Tobias;;
Ik vind het echt heel vervelend dat je dit hebt gedaan.;emoties;;;Tobias;;
Ik vind het echt niet oké.;emoties;;;Tobias;;
Ik vind het prima.;emoties;;;Tobias;;
Ik weet dat je het heel spannend vindt, dat is oké.;emoties;;;Tobias;;
Ik word hier echt boos van.;emoties;;;Tobias;;
Ik word hier verdrietig van.;emoties;;;Tobias;;
Ik zie dat je aan het genieten bent.;emoties;;;Tobias;;
Ik zie dat je het leuk hebt.;emoties;;;Tobias;;
Ik zie dat je het spannend vindt.;emoties;;;Tobias;;
Ik zie dat je verdrietig bent.;emoties;;;Tobias;;
Je bent zo sterk en dapper. ;emoties;;;Tobias;;
Je gevoel mag er altijd zijn.;Emoties;;;Tobias;;
Je hoeft niet bang te zijn.;emoties;;;Tobias;;
Je hoeft nooit sorry te zeggen voor het gevoel dat je hebt.;emoties;;;Tobias;;
Je mag best bij mij wegkruipen.;emoties;;;Tobias;;
Je mag wel even bij mij in bed liggen.;Emoties;;;Tobias;;
Jij mag de volgende keer.;Emoties;;;Tobias;;
Jij mag straks.;emoties;;;Tobias;;
Jij vindt het misschien wel leuk, maar Casper niet.;emoties;;;Tobias;;
Kan je het me uitleggen?;emoties;;;Tobias;;
Kan je vertellen waarom je boos bent?;Emoties;;;Tobias;;
Kijk hier.;emoties;;;Tobias;;
kijk, er vliegt een vogel;emoties;;;Tobias;;
Kom maar bij mama staan.;emoties;;;Tobias;;
Kom maar heel even tot rust.;emoties;;;Tobias;;
Kom maar naast mama zitten.;Emoties;;;Tobias;;
Kun je dat vertellen?;emoties;;;Tobias;;
Kun je het met woorden zeggen? Dan kan ik je helpen.;emoties;;;Tobias;;
Kun je me vertellen wat er is?;emoties;;;Tobias;;
kun je vertellen waarom je dit niet leuk vindt?;emoties;;;Tobias;;
Kun je vertellen wat er aan de hand is?;emoties;;;Tobias;;
Laat me maar even.;emoties;;;Tobias;;
Leuk, hè?;emoties;;;Tobias;;
Mama vindt je ook lief als ze boos is;emoties;;;Tobias;;
mama was even boos omdat je niet luisterde, maar nu is het weer goed.;emoties;;;Tobias;;
Meisjes kunnen verliefd worden op meisjes en jongens kunnen ook verliefd worden op jongens.;emoties;;;Tobias;;
Misschien krijg jij later ook wel een vriendje of vriendinnetje.;emoties;;;Tobias;;
Mooi, hè!;emoties;;;Tobias;;
Niks aan de hand.;emoties;;;Tobias;;
Nu ben ik echt een beetje teleurgesteld.;emoties;;;Tobias;;
nu weten we wel dat het niet leuk is.;emoties;;;Tobias;;
Nu wordt mama een beetje boos.;emoties;;;Manouk;;
O, moet je zo huilen?;emoties;;;Manouk;;
O, wat ben je boos!;emoties;;;Manouk;;
Op wie ben je boos?;emoties;;;Manouk;;
probeer de volgende keer goed aan te geven waarom je het niet fijn vond, dan weet het andere kind dat ook.;emoties;;;Manouk;;
Vertel, hoe voel je je?;emoties;;;Manouk;;
vind je dat leuk?;emoties;;;Manouk;;
Vind je het gezellig?;emoties;;;Manouk;;
vind je het leuk of niet?;emoties;;;Manouk;;
Vind je het moeilijk?;emoties;;;Manouk;;
Vind je het mooi?;emoties;;;Manouk;;
Vind je het spannend?;emoties;;;Manouk;;
Vind je het vervelend dat je broertje dat wel mag?;emoties;;;Manouk;;
Waar houdt mama van?;emoties;;;Manouk;;
Waarom ben je boos?;Emoties;;;Manouk;;
Waarom ben je verdrietig?;emoties;;;Manouk;;
Waarom moet je huilen?;emoties;;;Manouk;;
Wat ben je lekker vrolijk.;emoties;;;Manouk;;
Wat is er?;emoties;;;Manouk;;
Wat vind je daarvan?;Emoties;;;Manouk;;
Wat vind je er spannend aan?;emoties;;;Manouk;;
Wat vind je het moeilijkst?;emoties;;;Manouk;;
Wat vind je het mooist?;emoties;;;Manouk;;
wat vind je leuker? Dit of dat?;emoties;;;Manouk;;
Wat zou jij doen als jij hem was?;emoties;;;Manouk;;
We zijn trots op hoe je met alles omgaat.;Emoties;;;Manouk;;
We zijn zo trots op hoe sterk je bent.;Emoties;;;Manouk;;
Wil je een knuffel?;Emoties;;;Manouk;;
wil je heel eventjes alleen zijn?;Emoties;;;Manouk;;
Wil je ook graag bij opa en oma logeren?;emoties;;;Manouk;;
Wil jij dit ook?;emoties;;;Manouk;;
Zullen we even knuffelen?;emoties;;;Manouk;;
Zullen we nu dan met de treinbaan gaan spelen?;emoties;;;Manouk;;
Zullen we samen kijken?;emoties;;;Manouk;;
Als je bord leeg is, krijg je een toetje.;emoties;;;Manouk;;
Als je echt uitgegeten bent, mag je van tafel.;Eten en drinken;;;Henrianne;;
Als je het echt niet lekker vindt, mag je het aan de kant leggen.;Eten en drinken;;;Henrianne;;
Als je je boterham opeet, dan kunnen we gaan spelen.;Eten en drinken;;;Henrianne;;
Als je niet genoeg eet, dan voel je je niet fijn.;Eten en drinken;;;Henrianne;;
Als je nog een tweede boterham wil, moet je echt opschieten.;Eten en drinken;;;Henrianne;;
Als je nu iets eet, dan heb je straks geen honger meer.;Eten en drinken;;;Henrianne;;
Als je nu iets eet, dan zit je buik al vol.;Eten en drinken;;;Henrianne;;
Als je nu niet genoeg eet, heb je straks honger.;Eten en drinken;;;Henrianne;;
als je te veel suiker eet, ga je stuiteren.;Eten en drinken;;;Henrianne;;
Blijf even aan tafel zitten, we gaan nog even eten.;Eten en drinken;;;Henrianne;;
boven je bord eten;eten en drinken;;;Henrianne;;
Dat mag je niet nu, maar als toetje.;Eten en drinken;;;Henrianne;;
De eierschalen mogen in de vuilnisbak.;Eten en drinken;;;Henrianne;;
De koekjes zijn op.;Eten en drinken;;;Henrianne;;
De pasta is warm. ;Eten en drinken;;;Henrianne;;
De rest moet je wel opeten.;eten en drinken;;;Henrianne;;
Denk je dat je het lekker vindt?;Eten en drinken;;;Henrianne;;
Deze erwtjes zijn heel lekker.;Eten en drinken;;;Henrianne;;
Die is van mama.;Eten en drinken;;;Henrianne;;
Dit is mijn broodje, niet die van jou.;Eten en drinken;;;Henrianne;;
Dit zijn de wortels.;Eten en drinken;;;Henrianne;;
doe je stiften vast weg, want we gaan zo eten;Eten en drinken;;;Henrianne;;
Drie slokjes, dan mag je van tafel.;Eten en drinken;;;Henrianne;;
Drink nog maar wat.;Eten en drinken;;;Henrianne;;
Een beetje chocola is oké, maar niet te veel.;Eten en drinken;;;Henrianne;;
Eerst blazen. (eten is warm);Eten en drinken;;;Henrianne;;
eerst hartig en dan zoet.;Eten en drinken;;;Henrianne;;
Eet even door.;Eten en drinken;;;Henrianne;;
Eet je boterham op.;Eten en drinken;;;Henrianne;;
Eet je je fruit op?;Eten en drinken;;;Henrianne;;
Eet maar lekker op;Eten en drinken;;;Henrianne;;
Eet met mes en vork.;Eten en drinken;;;Henrianne;;
Eet smakelijk.;Eten en drinken;;;Henrianne;;
eet vier happen van de broccoli en dan kan je nog eventjes de kip eten.;Eten en drinken;;;Henrianne;;
ellebogen niet op tafel.;Eten en drinken;;;Henrianne;;
Er zit allemaal appelstroop op je mond.;Eten en drinken;;;Henrianne;;
Er zit allemaal jam in je haar.;Eten en drinken;;;Henrianne;;
Er zit allemaal pindakaas op je oor.;Eten en drinken;;;Henrianne;;
eten geeft je energie.;Eten en drinken;;;Henrianne;;
Eten is om te eten, niet om mee te spelen.;eten en drinken;;;Henrianne;;
Even lepels pakken.;Eten en drinken;;;Henrianne;;
Even recht zitten.;Eten en drinken;;;Henrianne;;
Even wachten met eten.;Eten en drinken;;;Henrianne;;
Even wachten tot je broer ook klaar is, dan mag je van tafel.;Eten en drinken;;;Henrianne;;
ga maar vast zelf in je stoel zitten.;Eten en drinken;;;Henrianne;;
Gaan we de tafel dekken?;Eten en drinken;;;Henrianne;;
Gaan we fruit eten?;Eten en drinken;;;Henrianne;;
Gebruik je servet;Eten en drinken;;;Henrianne;;
geen speelgoed op tafel leggen, we gaan nu eten;Eten en drinken;;;Henrianne;;
Goed kauwen.;Eten en drinken;;;Henrianne;;
Goed op je billen zitten.;Eten en drinken;;;Henrianne;;
Haal de deksel er maar af.;Eten en drinken;;;Henrianne;;
Heb je al je brood opgegeten?;Eten en drinken;;;Henrianne;;
Heb je genoeg gegeten? ;eten en drinken;;;Henrianne;;
Heb je het gevraagd?;Eten en drinken;;;Henrianne;;
Heb je het wel geprobeerd?;Eten en drinken;;;Henrianne;;
Heb je honger?;Eten en drinken;;;Henrianne;;
Heb je je drinkbeker opgedronken?;Eten en drinken;;;Henrianne;;
Heb je zin in appelsap of limonade?;eten en drinken;;;Henrianne;;
Heb je zin in een perzik?;eten en drinken;;;Henrianne;;
Hebben jullie alles opgegeten?;eten en drinken;;;Henrianne;;
Het eten is bijna klaar.;eten en drinken;;;Henrianne;;
Het eten kan nog warm zijn.;Eten en drinken;;;Henrianne;;
Hierna gaan we lekker een boterhammetje eten.;Eten en drinken;;;Diego;;
Hou je slab nog even om.;Eten en drinken;;;Diego;;
ik heb een lekkere salade gemaakt;Eten en drinken;;;Diego;;
Ik maak lekker een kopje thee voor je.;eten en drinken;;;Diego;;
Ik schuif je een beetje aan, zodat je niet van de stoel afvalt.;eten en drinken;;;Diego;;
Ik snij de druifjes eventjes doormidden.;eten en drinken;;;Diego;;
Is het lekker?;Eten en drinken;;;Diego;;
Is het op?;Eten en drinken;;;Diego;;
Is je mond leeg?;Eten en drinken;;;Diego;;
je gaat lekker melk drinken.;Eten en drinken;;;Diego;;
Je hebt al een dropje gehad vandaag.;eten en drinken;;;Diego;;
Je hebt al een kaasstengel gehad.;eten en drinken;;;Diego;;
Je hebt op de opvang al een ijsje gehad, dus dat gaan we niet doen.;eten en drinken;;;Diego;;
Je kan niet zeggen dat je het niet lekker vindt als je het nooit geproefd hebt.;eten en drinken;;;Diego;;
Je krijgt geen snoepje.;Eten en drinken;;;Diego;;
Je mag een glas limonade.;eten en drinken;;;Diego;;
je mag een hapje van mijn broodje.;eten en drinken;;;Diego;;
Je mag een stuk paprika.;Eten en drinken;;;Diego;;
je mag er eentje kiezen die je niet wilt eten.;eten en drinken;;;Diego;;
Je mag geen waterijsje.;eten en drinken;;;Diego;;
Je mag je melk als je een paar happen hebt gegeten.;eten en drinken;;;Diego;;
Je mag nog even spelen, daarna gaan we eten.;Eten en drinken;;;Diego;;
Je mag straks een lolly.;Eten en drinken;;;Diego;;
Je mag straks op schoot, als mama klaar is met eten.;eten en drinken;;;Diego;;
Je moet eerst nog handen wassen. ;Eten en drinken;;;Diego;;
Je moet minstens één hapje proeven.;Eten en drinken;;;Diego;;
Je moet veel drinken, anders krijg je hoofdpijn en buikpijn.;eten en drinken;;;Diego;;
Je moet wel wat kiezen.;eten en drinken;;;Diego;;
Je zit helemaal onder. (situatie: tijdens het eten);Eten en drinken;;;Diego;;
Jij had net pindakaas, zullen we nu jam op je boterham doen?;eten en drinken;;;Diego;;
jongens, over 10 minuten gaan we echt eten.;Eten en drinken;;;Diego;;
Kan je voor mij de boter in de koelkast leggen?;eten en drinken;;;Diego;;
Kies maar een snoepje uit.;eten en drinken;;;Diego;;
Kijk maar even in de pannetjes.;Eten en drinken;;;Diego;;
Kijk, je broertje eet het wel.;Eten en drinken;;;Diego;;
Kom maar, ik zet je even in je stoel.;Eten en drinken;;;Diego;;
Kom maar, we gaan nog even wat drinken;Eten en drinken;;;Diego;;
Kom op, even je eten opeten.;Eten en drinken;;;Diego;;
kom, ga weer even aan tafel zitten.;Eten en drinken;;;Diego;;
kom, we gaan de bordjes op tafel zetten;eten en drinken;;;Diego;;
Kom, we gaan picknicken.;eten en drinken;;;Diego;;
Korstjes opeten.;eten en drinken;;;Diego;;
Laat dat maar op de tafel staan. ;Eten en drinken;;;Diego;;
laat de rijst liggen.;Eten en drinken;;;Diego;;
Laat je beker maar staan.;Eten en drinken;;;Diego;;
Lekker hè komkommer?;Eten en drinken;;;Diego;;
Lust je nog een krentenbol?;Eten en drinken;;;Diego;;
Lust je tomaat?;Eten en drinken;;;Diego;;
Mag ik je bord?;Eten en drinken;;;Diego;;
Mama gaat het even snijden, nog even geduld.;Eten en drinken;;;Diego;;
Mama moet dit even afmaken.;Eten en drinken;;;Diego;;
Met je mes moet je op je bord snijden, niet in je hand.;Eten en drinken;;;Diego;;
Moet de dop erop?;Eten en drinken;;;Diego;;
Na het eten mag je een snoepje.;Eten en drinken;;;Diego;;
Nee nu niet, we gaan dadelijk al eten.;eten en drinken;;;Diego;;
Nee, de koekjes zijn voor straks.;Eten en drinken;;;Diego;;
Nee, dit is koffie, dat is niet voor kindjes.;eten en drinken;;;Diego;;
Nee, je mag geen hele stroopwafel, we doen een halve.;Eten en drinken;;;Diego;;
Nee, je mag nog niet van tafel.;Eten en drinken;;;Diego;;
Nee, je mag nu geen chips.;Eten en drinken;;;Diego;;
netjes eten.;eten en drinken;;;Tobias;;
Niet gooien met je brood;eten en drinken;;;Tobias;;
Niet in je haar smeren.;Eten en drinken;;;Tobias;;
niet je vork op de grond gooien.;Eten en drinken;;;Tobias;;
Niet met je beker op de tafel slaan.;Eten en drinken;;;Tobias;;
Niet praten met je mond vol.;Eten en drinken;;;Tobias;;
Niet spelen met eten.;eten en drinken;;;Tobias;;
Niet van je bord gooien;eten en drinken;;;Tobias;;
nog een kwartiertje en dan is het eten klaar.;Eten en drinken;;;Tobias;;
Nog een paar hapjes.;eten en drinken;;;Tobias;;
Nog even wachten.;Eten en drinken;;;Tobias;;
nog vijf happen en dan is het oké.;Eten en drinken;;;Tobias;;
Nu is de tafel nat.;eten en drinken;;;Tobias;;
Oh heb je geknoeid? ;Eten en drinken;;;Tobias;;
Oh, je vork is gevallen.;Eten en drinken;;;Tobias;;
Oh, nou ben je helemaal nat. ;Eten en drinken;;;Tobias;;
Oh, nou is je romper nat.;Eten en drinken;;;Tobias;;
Ook een hapje groenten eten, dat is goed voor je buik.;Eten en drinken;;;Tobias;;
Pak de hagelslag en de pindakaas.;Eten en drinken;;;Tobias;;
Pak maar een stuk fruit.;eten en drinken;;;Tobias;;
pakken jullie het bestek?;eten en drinken;;;Tobias;;
Papa maakt even de aardbeien schoon.;eten en drinken;;;Tobias;;
papa moet dit nog even doen.;Eten en drinken;;;Tobias;;
Pas op, het is heet.;Eten en drinken;;;Tobias;;
Prik maar met je vork.;Eten en drinken;;;Tobias;;
prima als je het niet meer hoeft, maar dan krijg je geen toetje.;Eten en drinken;;;Tobias;;
probeer eens;eten en drinken;;;Tobias;;
Smeer maar niet over de tafel.;Eten en drinken;;;Tobias;;
Suiker is niet gezond.;Eten en drinken;;;Tobias;;
Vandaag geen stroopwafel, je hebt net al drop gehad.;eten en drinken;;;Tobias;;
Veeg je handen af aan je servet, niet aan je kleren.;Eten en drinken;;;Tobias;;
Vergeet niet goed te drinken.;eten en drinken;;;Tobias;;
Voetjes op de stoel.;eten en drinken;;;Tobias;;
wacht even tot na het eten.;Eten en drinken;;;Tobias;;
Wat heb jij gegeten? Er zit iets groens tussen je tanden.;eten en drinken;;;Tobias;;
Wat vind je lekker?;eten en drinken;;;Tobias;;
Wat vind je niet lekker?;Eten en drinken;;;Tobias;;
wat voor zoet beleg wil je?;eten en drinken;;;Tobias;;
Wat wil je drinken?;eten en drinken;;;Tobias;;
Wat wil je eten?;Eten en drinken;;;Tobias;;
Wat wil je op je boterham?;Eten en drinken;;;Tobias;;
Wat wil je voor lunch?;eten en drinken;;;Tobias;;
Wat wil je?;eten en drinken;;;Manouk;;
We bewaren het lekkers voor het toetje.;Eten en drinken;;;Manouk;;
We doen je even een slab om.;eten en drinken;;;Manouk;;
We eten eerst een hartige boterham en daarna zoet.;Eten en drinken;;;Manouk;;
We eten rijst vandaag;eten en drinken;;;Manouk;;
We gaan aan tafel zitten.;Eten en drinken;;;Manouk;;
We gaan eerst even eten, dan spelen;eten en drinken;;;Manouk;;
We gaan eten.;Eten en drinken;;;Manouk;;
we gaan lekker vissticks eten.;Eten en drinken;;;Manouk;;
We gaan nu een toetje eten.;eten en drinken;;;Manouk;;
We gaan ontbijten.;Eten en drinken;;;Manouk;;
We gaan zo fruit eten.;eten en drinken;;;Manouk;;
We hebben nog tien minuten, zorg dat je je crackers op hebt.;Eten en drinken;;;Manouk;;
We maken even je handjes schoon.;eten en drinken;;;Manouk;;
We moeten wel goed eten.;Eten en drinken;;;Manouk;;
We vegen even je handjes af.;eten en drinken;;;Manouk;;
we zitten nu bijna een uur aan tafel, ik heb wel zin om andere leuke dingen te gaan doen.;Eten en drinken;;;Manouk;;
Wel je groenten eten.;eten en drinken;;;Manouk;;
Welk hartig beleg wil je? ;Eten en drinken;;;Manouk;;
Welke smaak ijs wil je?;eten en drinken;;;Manouk;;
Wil je alvast even proeven?;Eten en drinken;;;Manouk;;
Wil je appelstroop?;eten en drinken;;;Manouk;;
wil je crackers of wil je muesli?;Eten en drinken;;;Manouk;;
Wil je echt niet wat proberen?;eten en drinken;;;Manouk;;
Wil je een broodje?;Eten en drinken;;;Manouk;;
Wil je een mandarijn of een peer?;Eten en drinken;;;Manouk;;
wil je een soepstengel?;Eten en drinken;;;Manouk;;
Wil je er nog meer?;Eten en drinken;;;Manouk;;
Wil je het zelf doen?;Eten en drinken;;;Manouk;;
Wil je hummus of hagelslag op je boterham?;Eten en drinken;;;Manouk;;
Wil je kwark of wil je yoghurt?;eten en drinken;;;Manouk;;
Wil je mee de tafel dekken?;eten en drinken;;;Manouk;;
Wil je melk of water?;eten en drinken;;;Manouk;;
Wil je nog een slokje water?;eten en drinken;;;Manouk;;
Wil je nog iets drinken?;eten en drinken;;;Manouk;;
Wil je pannenkoeken of poffertjes?;eten en drinken;;;Manouk;;
Wil je wat drinken?;eten en drinken;;;Manouk;;
Wil je wat eten?;eten en drinken;;;Manouk;;
Wil jij de champignons snijden?;eten en drinken;;;Manouk;;
Willen jullie een banaan?;eten en drinken;;;Tobias;;
Zal ik je beker nog even vullen?;eten en drinken;;;Tobias;;
zit je buik vol?;Eten en drinken;;;Tobias;;
Zorg dat de kruimels op je bord vallen.;Eten en drinken;;;Tobias;;
Zorg dat je je thee ook drinkt.;eten en drinken;;;Tobias;;
Zorg dat je tijdens het eten ook drinkt.;eten en drinken;;;Tobias;;
Als je me niet ziet, ben ik even in het washok.;eten en drinken;;;Tobias;;
Ik ben even buiten de planten water geven.;Even weg;;;Henrianne;;
Ik ben even in de tuin.;even weg;;;Henrianne;;
Ik ben even weg, ik ben zo terug.;even weg;;;Henrianne;;
Ik ben niet ver weg ;even weg;;;Diego;;
Ik ga even boven de was doen.;Even weg;;;Diego;;
Ik ga even het vuilnis wegbrengen.;even weg;;;Diego;;
Ik ga eventjes naar boven.;even weg;;;Tobias;;
Ik kom eraan.;even weg;;;Tobias;;
Laat maar weten als je iets nodig hebt;even weg;;;Manouk;;
Hoe oud denk je dat opa is?;Even weg;;;Manouk;;
Jij moet even wachten en dan gaan we naar je tante.;familie;;;Henrianne;;
jouw opa is al dood.;familie;;;Henrianne;;
Mijn broer is jouw oom.;familie;;;Henrianne;;
Mijn mama is jouw oma.;familie;;;Henrianne;;
Mis je opa?;familie;;;Henrianne;;
Misschien ga je wel iets leuks doen bij opa en oma.;familie;;;Henrianne;;
Morgen ben je de hele dag bij jouw neefjes.;familie;;;Henrianne;;
Morgen brengt oma je weer naar huis.;familie;;;Henrianne;;
Morgen brengt opa je naar de opvang.;familie;;;Diego;;
Oma komt morgen weer oppassen.;familie;;;Diego;;
Opa en oma gaan ook mee.;familie;;;Diego;;
Opa en oma zijn getrouwd met elkaar, dat betekent dat ze verliefd zijn op elkaar en besloten hebben voor altijd bij elkaar te blijven.;familie;;;Diego;;
Opa en oma zijn heel lief.;familie;;;Diego;;
Opa heeft een beetje hoofdpijn.;familie;;;Diego;;
Opa is bij de sterretjes.;familie;;;Diego;;
Opa is een beetje ziek.;familie;;;Diego;;
Priya is jouw nicht.;familie;;;Tobias;;
Vind je je papa oud, of niet?;Familie;;;Tobias;;
Wat ben jij van mij?;familie;;;Tobias;;
Wat zou je graag willen zeggen tegen opa?;familie;;;Tobias;;
we gaan naar je tante.;familie;;;Tobias;;
we gaan oma even bellen.;familie;;;Manouk;;
Weet je hoe oud je neef is geworden?;familie;;;Manouk;;
Als iemand dood is, kan je nog wel aan die persoon denken.;familie;;;Manouk;;
Heb je zin in je fles?;Familie & personen;;;Manouk;;
Het is op.;fles;;;Henrianne;;
Hier is je fles.;fles;;;Henrianne;;
We gaan een flesje drinken.;fles;;;Diego;;
Wil je nog meer?;fles;;;Tobias;;
Stop daar maar mee, dat klinkt voor ons heel hard en dat is niet prettig.;fles;;;Manouk;;
We kunnen straks samen oefenen met nieuwe geluiden. ;Geluiden;;;Henrianne;;
Droog je handen maar af.;Geluiden;;;Diego;;
Wil je een staartje in?;Handen wassen;;;Diego;;
Wil je iets in je haar?;haren doen;;;Henrianne;;
Zal ik staartjes bij je maken?;haren doen;;;Henrianne;;
ga je haar even kammen.;haren doen;;;Henrianne;;
Ga je zelf je haren kammen?;Haren kammen;;;Henrianne;;
Heb je je haar al gekamd?;Haren kammen;;;Henrianne;;
Wil je een vlecht?;haren kammen;;;Henrianne;;
Zal ik je haar kammen?;haren kammen;;;Henrianne;;
Ach, je krijgt weer tandjes erbij.;haren kammen;;;Henrianne;;
Als je gaat eten, dan gaat het eten eerst naar je maag, dan naar je darmen en dan wordt er poep van gemaakt.;Het lichaam;;;Henrianne;;
als je gezond eet, heb je ook gezonde poep ;Het lichaam;;;Henrianne;;
als je niet gezond eet, wordt je poep moeilijker en kan het pijn doen.;Het lichaam;;;Henrianne;;
Als je wat ouder wordt, dan krijg je ook haar onder je oksels en bij je vulva.;Het lichaam;;;Henrianne;;
als je wat ouder wordt, dan verandert je lichaam.;Het lichaam;;;Henrianne;;
Dat zijn je tepels.;Het lichaam;;;Henrianne;;
De baby komt uit mama's buik.;Het lichaam;;;Henrianne;;
Heb je al je tenen nog? Zullen we even tellen?;Het lichaam;;;Henrianne;;
Heb je al je vingers nog?;Het lichaam;;;Diego;;
Ja, dat is je buik.;Het lichaam;;;Diego;;
je billen kan je niet zo goed zien. Die zitten van achteren.;Het lichaam;;;Diego;;
Je hebt bruine ogen.;het lichaam;;;Diego;;
Je hebt vroeger ook melk gedronken uit mama's borsten.;het lichaam;;;Diego;;
Je krijgt nieuwe tandjes.;het lichaam;;;Diego;;
Je lichaam heeft genoeg eten en drinken nodig.;Het lichaam;;;Diego;;
Je lichaam heeft slaap nodig.;het lichaam;;;Diego;;
Later krijg jij ook borsten.;het lichaam;;;Tobias;;
Mama is een meisje en jij bent een jongen.;het lichaam;;;Tobias;;
Sommige mensen scheren hun okselhaar, en sommigen niet. ;Het lichaam;;;Tobias;;
Waar is jouw neus? ;het lichaam;;;Tobias;;
Waar zijn je knietjes?;Het lichaam;;;Tobias;;
Waar zijn je voetjes? ;Het lichaam;;;Tobias;;
Waar zijn mama's oortjes?;Het lichaam;;;Manouk;;
Waar zitten je duimpjes?;Het lichaam;;;Manouk;;
wie is een jongen?;Het lichaam;;;Manouk;;
wie is een meisje?;Het lichaam;;;Manouk;;
Wijs maar aan.;Het lichaam;;;Manouk;;
De bank is om op te zitten.;Het lichaam;;;Manouk;;
Doe de deur maar dicht.;huis;;;Henrianne;;
Doe de deur maar open.;Huis;;;Henrianne;;
doe het traphekje maar dicht.;Huis;;;Henrianne;;
Druk maar op het knopje.;huis;;;Henrianne;;
Even binnen blijven.;Huis;;;Henrianne;;
Even buiten blijven.;Huis;;;Henrianne;;
Even de lamp aanzetten.;Huis;;;Henrianne;;
Even in de slaapkamer blijven.;Huis;;;Henrianne;;
ga maar op je stoel zitten.;Huis;;;Henrianne;;
Het bed is om in te slapen.;huis;;;Diego;;
Jij mag even op je kamer spelen.;huis;;;Diego;;
jij slaapt op zolder.;huis;;;Diego;;
Lees maar even een boekje.;huis;;;Diego;;
Niet aan de gordijnen zitten.;huis;;;Diego;;
niet op de bank springen.;huis;;;Diego;;
Niet op het bed springen.;huis;;;Diego;;
Oh, de bel gaat, even de deur open doen.;huis;;;Diego;;
pak het krukje maar.;Huis;;;Diego;;
Waar ga je naartoe?;huis;;;Tobias;;
Waar is het krukje?;huis;;;Tobias;;
Wat is het donker hier;huis;;;Tobias;;
we gaan naar beneden.;Huis;;;Manouk;;
we gaan naar boven ;huis;;;Manouk;;
Zo even de lampen uitzetten, die hoeven nu niet meer aan.;huis;;;Manouk;;
Dat ging heel goed.;Huis;;;Manouk;;
De kapper gaat jou ook zo knippen.;kapper;;;Henrianne;;
De kapper gaat nu je haar knippen.;kapper;;;Henrianne;;
De kapper kan wel goed knippen, hè?;kapper;;;Henrianne;;
Die mevrouw gaat dadelijk jouw haartjes knippen.;kapper;;;Henrianne;;
Er moet juist een stukje af als je lang haar wil.;kapper;;;Henrianne;;
Het doet niet pijn om je haar te knippen.;Kapper;;;Henrianne;;
het duurt niet lang, maar de kapper moet heel even goed kunnen knippen.;kapper;;;Diego;;
Ik hou je handjes wel even vast.;kapper;;;Diego;;
Je mag bij mama op schoot.;kapper;;;Diego;;
Kijk maar in de spiegel.;kapper;;;Diego;;
Kijk, de kapper heeft een schaar.;kapper;;;Diego;;
Maak je maar geen zorgen.;kapper;;;Diego;;
mama gaat nog even betalen.;kapper;;;Tobias;;
Nu moet je heel even heel goed stilzitten.;kapper;;;Tobias;;
op welke stoel wil je zitten?;kapper;;;Tobias;;
Wat zijn je haartjes mooi!;kapper;;;Manouk;;
wil je wel of geen schort?;kapper;;;Manouk;;
Die of die, anders gaat mama kiezen.;kapper;;;Manouk;;
Kun je niet zo goed kiezen?;kiezen;;;Henrianne;;
zal ik je helpen kiezen?;kiezen;;;Henrianne;;
daar is de grote tractor.;kiezen;;;Diego;;
Er zijn baby geitjes.;kinderboederij;;;Henrianne;;
hier kun je spelen.;kinderboederij;;;Henrianne;;
Kijk, daar is het grote varken.;kinderboederij;;;Diego;;
Nee dat is voor de geitjes, niet voor jullie.;kinderboederij;;;Diego;;
Zou de haan er ook zijn?;kinderboederij;;;Tobias;;
Zullen we de geitjes een flesje geven?;kinderboederij;;;Manouk;;
Dat wordt mooi.;kinderboederij;;;Manouk;;
De schaar zo vastpakken.;knutselen;;;Henrianne;;
Dit is een knutselboek.;Knutselen;;;Henrianne;;
Dit is rood;Knutselen;;;Henrianne;;
Doe de kwast maar in het water.;knutselen;;;Henrianne;;
Doe je verfschort maar aan.;knutselen;;;Henrianne;;
Ga je een tekening maken?;knutselen;;;Diego;;
Ga je iets moois maken voor mama?;knutselen;;;Diego;;
Ga maar lekker kleuren, want ik wil ook een gesprek kunnen voeren.;Knutselen;;;Diego;;
Heb je twee tekeningen gemaakt? Echt waar?;knutselen;;;Diego;;
Mama pakt even schoon water.;knutselen;;;Diego;;
Neem je kleurpotloden maar mee;knutselen;;;Henrianne;;
Nu moet de verf even drogen.;knutselen;;;Henrianne;;
Spoel de kwast maar af.;knutselen;;;Diego;;
Wat ben je aan het tekenen? ;knutselen;;;Diego;;
wat ga je maken? Wat wordt het?;knutselen;;;Tobias;;
Wat heb je geverfd?;knutselen;;;Tobias;;
Wat moet mama erbij schrijven?;knutselen;;;Tobias;;
Wat staat er op deze tekening?;knutselen;;;Tobias;;
Wat wil je maken?;knutselen;;;Tobias;;
Wat zullen we maken?;knutselen;;;Tobias;;
We leggen er even een placemat onder, anders wordt de tafel vies.;knutselen;;;Tobias;;
We moeten wel het verfschort aandoen, anders worden je kleren vies.;knutselen;;;Manouk;;
Welke kleur is dat?;knutselen;;;Manouk;;
Wil jij kleuren?;knutselen;;;Manouk;;
Zou je het met lijm kunnen plakken, of heb je plakband nodig?;knutselen;;;Manouk;;
Zullen we een nieuw papiertje pakken?;knutselen;;;Manouk;;
Zullen we vingerverven?;knutselen;;;Manouk;;
De oven kan altijd heet zijn.;knutselen;;;Manouk;;
Doe de lepel maar in de pan.;Koken;;;Henrianne;;
Je moet altijd even vragen of het fornuis heet is.;Koken;;;Henrianne;;
Kan je de eitjes pakken?;koken;;;Henrianne;;
Kijk uit voor je vingers.;koken;;;Diego;;
Mama gaat nu koken.;koken;;;Diego;;
Tijdens het koken niet bij het gasfornuis komen.;koken;;;Diego;;
Vingers in een klauwtje tijdens het snijden.;koken;;;Tobias;;
Voorzichtig, de pan is heet.;koken;;;Tobias;;
Wil je de aardappelen straks in de pan doen?;koken;;;Tobias;;
Wil je in de pan roeren?;koken;;;Manouk;;
Zullen we de groenten wassen?;koken;;;Manouk;;
Zullen we even checken of de pasta al gaar is?;koken;;;Manouk;;
ga je kruipen? ;koken;;;Manouk;;
ga je zelf staan?;leren lopen;;;Henrianne;;
Ga maar naar de keuken;leren lopen;;;Henrianne;;
hou je maar vast aan de bank;leren lopen;;;Diego;;
loop maar naar mama;leren lopen;;;Diego;;
probeer het zelf maar ;leren lopen;;;Tobias;;
zal ik je hand vasthouden? ;leren lopen;;;Tobias;;
als het echt niet gaat, dan kunnen we je altijd komen halen.;leren lopen;;;Manouk;;
Deze keer ga je twee nachtjes bij opa slapen.;Logeren;;;Henrianne;;
Heb je je knuffels gepakt?;Logeren;;;Henrianne;;
het is maar voor één nachtje en we zijn heel dichtbij.;Logeren;;;Henrianne;;
Ik zie je morgen weer.;logeren;;;Henrianne;;
Je gaat met oma fietsen.;logeren;;;Henrianne;;
Je knuffel gaat mee.;logeren;;;Diego;;
Je mag bij opa lekker spelen.;logeren;;;Diego;;
Je moet extra kleren inpakken.;logeren;;;Diego;;
Je speen gaat mee.;logeren;;;Diego;;
Jouw oom en tante vinden het heel leuk dat je komt.;logeren;;;Diego;;
Mama gaat even je tas inpakken.;logeren;;;Tobias;;
mama gaat nu naar huis.;logeren;;;Tobias;;
Morgen ga je daar ontbijten en dan kom ik je ophalen.;logeren;;;Tobias;;
Opa en oma maken een bedje voor je klaar.;logeren;;;Tobias;;
Papa en mama komen je vanavond weer halen.;logeren;;;Tobias;;
We zien je over twee nachtjes weer.;logeren;;;Manouk;;
Weet je nog hoe hun huis eruit ziet?;logeren;;;Manouk;;
Welke kleren wil je mee?;logeren;;;Manouk;;
Wil je nog speelgoed meenemen?;logeren;;;Manouk;;
Zaterdag mag je bij oma gaan slapen!;logeren;;;Manouk;;
Zullen we de koffer even pakken?;logeren;;;Tobias;;
even een doekje pakken.;logeren;;;Manouk;;
Even een luier pakken.;Luier;;;Henrianne;;
Even je billen schoonmaken.;Luier;;;Henrianne;;
Het is zo klaar. ;Luier;;;Henrianne;;
Je hebt een vieze luier;Luier;;;Diego;;
je hebt gepoept ;Luier;;;Diego;;
Nee, niet omdraaien.;Luier;;;Diego;;
Nog één doekje, bijna klaar.;Luier;;;Tobias;;
Nog even je overbroekje dicht doen.;Luier;;;Tobias;;
Oh, de doekjes zijn op.;Luier;;;Tobias;;
Rustig blijven liggen. ;Luier;;;Manouk;;
We gaan even je luier verschonen;Luier;;;Manouk;;
Alle kindjes slapen al.;Luier;;;Manouk;;
als je morgenochtend wakker wordt, ben ik er gewoon weer.;naar bed;;;Henrianne;;
Bedenk maar fijne dromen voor jezelf.;naar bed;;;Henrianne;;
De buren slapen ook al.;naar bed;;;Henrianne;;
de dag is weer voorbij.;naar bed;;;Henrianne;;
Eerst je hoofd erdoor en nu je armen.;naar bed;;;Henrianne;;
Ga je pyjama aandoen.;naar bed;;;Henrianne;;
ga maar in je bed.;naar bed;;;Henrianne;;
Ga maar lekker liggen.;naar bed;;;Henrianne;;
heb je alles in bed wat je wil?;naar bed;;;Henrianne;;
Heb je een leuke dag gehad?;naar bed;;;Henrianne;;
Heb je naar gedroomd?;naar bed;;;Diego;;
Het is al donker buiten.;naar bed;;;Diego;;
het is echt al bedtijd geweest nu.;naar bed;;;Diego;;
het is heel warm vannacht, dus een onderbroek en een hemd is genoeg.;naar bed;;;Diego;;
het is nu echt tijd om te gaan slapen.;naar bed;;;Diego;;
Het wordt donker om ongeveer 8 uur.;naar bed;;;Diego;;
Het wordt licht om half zeven.;naar bed;;;Diego;;
Hier heb je je knuffel ;naar bed;;;Diego;;
Hier is je speen.;naar bed;;;Diego;;
Ik aai nog even over je hoofd.;naar bed;;;Diego;;
Ik ga jouw pyjama pakken.;naar bed;;;Henrianne;;
Ik hoop dat je lekker kan dromen.;Naar bed;;;Henrianne;;
Ik hou van je, slaap lekker.;naar bed;;;Diego;;
Ik kom je morgenochtend weer halen.;naar bed;;;Diego;;
ik wil jullie echt om half 9 in bed hebben.;naar bed;;;Tobias;;
Ja, ik blijf thuis.;naar bed;;;Tobias;;
je bent bij groep Muis geweest.;naar bed;;;Tobias;;
je hebt lekker buiten gespeeld,;naar bed;;;Tobias;;
Je kan wel in je ondergoed slapen;naar bed;;;Tobias;;
Je mag een pyjama aan, maar het wordt wel heel warm vannacht.;naar bed;;;Tobias;;
Je wordt moe hè?;naar bed;;;Tobias;;
Kom maar, doe je arm er maar doorheen.;naar bed;;;Tobias;;
kom, we gaan even een warme pyjama uitzoeken, want het is heel koud buiten.;naar bed;;;Tobias;;
Mama gaat straks ook slapen.;naar bed;;;Tobias;;
morgen is er weer een dag.;naar bed;;;Tobias;;
morgen moet je weer vroeg op.;naar bed;;;Manouk;;
Nee, jouw broer gaat nu ook naar bed, dus jij gaat ook naar bed.;naar bed;;;Manouk;;
Nog 10 tellen en dan gaan we naar bed.;naar bed;;;Manouk;;
Slaap lekker, ik zie je morgen.;naar bed;;;Manouk;;
stil zijn, je broertje slaapt al.;naar bed;;;Manouk;;
Trek je pyjama maar aan dan ga ik daarna een verhaaltje voorlezen.;naar bed;;;Manouk;;
Waarom kan je niet slapen?;Naar bed;;;Manouk;;
Wat gaan we aandoen?;Naar bed;;;Manouk;;
Wat vond je het stomste vandaag?;naar bed;;;Manouk;;
We doen de slaapzak aan.;naar bed;;;Manouk;;
We gaan nu lekker slapen.;naar bed;;;Manouk;;
We gaan straks lekker slapen.;naar bed;;;Manouk;;
Welke pyjama wil je aan?;naar bed;;;Manouk;;
Wie moet jou vanavond op bed leggen? Papa of mama?;naar bed;;;Manouk;;
Wil je een laken of een deken?;naar bed;;;Tobias;;
Wil je nog even knuffelen?;naar bed;;;Tobias;;
Zachtjes doen.;naar bed;;;Tobias;;
Zal ik nog even bij je komen liggen?;naar bed;;;Manouk;;
Ach, overal zit poep (diarree).;naar bed;;;Manouk;;
Als er een ongelukje gebeurt, pak je altijd even een schone onderbroek, oké?;naar de wc;;;Henrianne;;
Als je klaar bent met plassen, dan zijn je vriendjes er ook nog.;Naar de wc;;;Henrianne;;
Blijf nog even zitten.;naar de wc;;;Henrianne;;
broek uit, onderbroek uit.;Naar de wc;;;Henrianne;;
dat moet je zelf doen.;Naar de wc;;;Henrianne;;
De broek doen we gewoon lekker in de was.;Naar de wc;;;Henrianne;;
Doe je broek maar weer aan.;naar de wc;;;Henrianne;;
één keer vegen, dubbel vouwen, nog een keer vegen. En dan weggooien en nog een keer. (situatie: tijdens afvegen);Naar de wc;;;Henrianne;;
Eerst even plassen voor het slapen.;Naar de wc;;;Henrianne;;
Gaan we even je billen afvegen?;Naar de wc;;;Henrianne;;
Heb je geplast? ;Naar de wc;;;Henrianne;;
Heb je gepoept?;Naar de wc;;;Henrianne;;
Hier blijven, dan kan ik je onderbroek aan doen.;Naar de wc;;;Henrianne;;
hoe komt het?;naar de wc;;;Henrianne;;
Hou het nog maar even op;naar de wc;;;Henrianne;;
Ik denk het wel.;Naar de wc;;;Henrianne;;
Is er een ongelukje gebeurd?;naar de wc;;;Henrianne;;
is je broek nog schoon?;naar de wc;;;Henrianne;;
je hebt vandaag snelle poep, dus we moeten snel naar de wc.;naar de wc;;;Henrianne;;
Je kan beter nu even plassen, anders word je er 's nachts wakker van.;naar de wc;;;Henrianne;;
je kan de plas wel ophouden.;naar de wc;;;Diego;;
je moest wel nodig plassen hè?;Naar de wc;;;Diego;;
Kan gebeuren.;naar de wc;;;Diego;;
Klaar om af te vegen? (situatie: tijdens afvegen);naar de wc;;;Diego;;
Kom maar van het krukje af.;naar de wc;;;Diego;;
Kom maar, gaan we snel naar de wc.;Naar de wc;;;Diego;;
Kom maar, we gaan nog even plassen.;Naar de wc;;;Diego;;
kom op, het lukt wel.;Naar de wc;;;Diego;;
Kreeg je je knoop niet los?;Naar de wc;;;Diego;;
Kwam je plas te snel?;naar de wc;;;Diego;;
leg het brilletje maar op de wc.;naar de wc;;;Diego;;
Mama gaat het even schoonmaken.;Naar de wc;;;Diego;;
Mama gaat nou even het potje schoonmaken.;naar de wc;;;Diego;;
Mama moet even naar de wc.;Naar de wc;;;Diego;;
Mama zet je even op de wc.;Naar de wc;;;Diego;;
moet je naar het potje?;naar de wc;;;Diego;;
Moet je nog plassen voordat we weggaan?;Naar de wc;;;Diego;;
Moet je plassen?;naar de wc;;;Diego;;
Moeten we even je broek wisselen?;Naar de wc;;;Diego;;
net zo lang vegen totdat er geen poep meer op zit. (situatie: tijdens afvegen);naar de wc;;;Diego;;
Niet aan het wc-papier zitten.;naar de wc;;;Tobias;;
Niet met je handen in de wc.;Naar de wc;;;Tobias;;
Niet met je handjes in het potje.;Naar de wc;;;Tobias;;
Niet vergeten af te vegen, want anders komt er plas in je onderbroek.;Naar de wc;;;Tobias;;
nog even schudden.;naar de wc;;;Tobias;;
O jee, je hebt in je broek geplast.;Naar de wc;;;Tobias;;
oh, ik ruik plas.;naar de wc;;;Tobias;;
Pak het potje maar.;naar de wc;;;Tobias;;
pak maar vier blaadjes wc-papier en probeer ze op te vouwen. (situatie: tijdens afvegen);Naar de wc;;;Tobias;;
Richt goed in de wc-pot.;naar de wc;;;Tobias;;
Soms heb je moeilijke poep, dan moet je even wachten, maar het komt vanzelf.;Naar de wc;;;Tobias;;
Trek je broek maar weer omhoog.;naar de wc;;;Tobias;;
van voor naar achter afvegen.;Naar de wc;;;Tobias;;
Veeg jezelf goed af.;naar de wc;;;Tobias;;
vergeet niet af te vegen.;Naar de wc;;;Tobias;;
Vergeet niet te schudden.;naar de wc;;;Tobias;;
Volgende keer gaan we op tijd naar de wc.;Naar de wc;;;Tobias;;
Volgens mij moet je even plassen.;naar de wc;;;Tobias;;
Was je net te laat bij de wc? Kan gebeuren.;naar de wc;;;Tobias;;
We doen even een droge broek aan.;naar de wc;;;Manouk;;
We gaan het toch even proberen.;naar de wc;;;Manouk;;
we gaan nu even billen afvegen.;naar de wc;;;Manouk;;
Weet je zeker dat je niet naar de wc moet?;Naar de wc;;;Manouk;;
Wil je een sticker plakken?;naar de wc;;;Manouk;;
wil je het brilletje op de wc?;Naar de wc;;;Manouk;;
Wil jij de wc doortrekken?;Naar de wc;;;Manouk;;
Zit er plas in je onderbroek?;Naar de wc;;;Manouk;;
zorg dat je nu naar de wc gaat, dan weet je zeker dat je op tijd bent.;naar de wc;;;Manouk;;
Als het poepen nu niet lukt, komt het straks. ;naar de wc;;;Manouk;;
Als je nu gaat plassen, dan voelt het fijner.;Naar de wc ;;;Manouk;;
Als je vergeten bent waar de wc is, vraag het.;Naar de wc ;;;Manouk;;
ben je klaar? Is alle poep eruit? (situatie: tijdens afvegen);Naar de wc ;;;Manouk;;
eerst de vulva, dan de billen vegen.;Naar de wc ;;;Manouk;;
Eerst naar de wc, dan gaan we handen wassen en daarna gaan we eten.;Naar de wc ;;;Manouk;;
eerst plassen voordat je gaat zwemmen;Naar de wc ;;;Manouk;;
Ga nu nog maar even naar de wc, anders plas je straks in je broek.;Naar de wc ;;;Manouk;;
Gewoon rustig zitten, rustig poepen.;Naar de wc ;;;Manouk;;
Heb je al geplast?;Naar de wc ;;;Manouk;;
Ben je klaar om te gaan?;Naar de wc ;;;Manouk;;
De bus is er bijna, laten we alvast naar buiten gaan.;Naar school;;;Henrianne;;
De lego laten we thuis vandaag, anders raak je het kwijt.;Naar school;;;Henrianne;;
De taxi brengt je naar school, en daarna zie ik je weer.;naar school;;;Henrianne;;
De taxi komt zo.;Naar school;;;Henrianne;;
De taxichauffeur wacht op je.;Naar school;;;Henrianne;;
Doe je helm maar op. ;Naar school;;;Henrianne;;
Ga maar alvast naar buiten.;naar school;;;Henrianne;;
Ga maar vast naar de kinderwagen.;naar school;;;Henrianne;;
Heb je je knuffel?;naar school;;;Henrianne;;
Heb je je tas al ingepakt?;naar school;;;Henrianne;;
Het wordt warm.;Naar school;;;Diego;;
Ik help je even met je jas aantrekken.;naar school;;;Diego;;
Ik zal je in de kar/kinderwagen zetten;Naar school;;;Diego;;
Ik zet je broertje even in de kar/kinderwagen en dan gaan we.;naar school;;;Diego;;
Jassen aan;naar school;;;Diego;;
Je pop laten we thuis vandaag, anders willen andere kinderen ermee spelen.;naar school;;;Diego;;
Je zus gaat naar Juf Elma, jij gaat naar Juf Petra.;naar school;;;Diego;;
Laten we snel gaan.;naar school;;;Diego;;
Mag ik een knuffel voordat je gaat?;Naar school;;;Diego;;
Nee, je mag geen autootje meenemen, want die raak je kwijt.;Naar school;;;Diego;;
Nee, we doen vandaag die jas aan.;naar school;;;Tobias;;
Neem je tas mee.;naar school;;;Tobias;;
Nog even zonnebrand op je gezicht doen.;naar school;;;Tobias;;
Nog niet de deur open doen.;naar school;;;Tobias;;
Pak je eigen fiets maar.;naar school;;;Tobias;;
Papa gaat jullie vandaag wegbrengen.;naar school;;;Tobias;;
schoenen aan.;naar school;;;Tobias;;
Steek je armen uit, steek je benen uit.;naar school;;;Tobias;;
Tot straks, lieverd.;naar school;;;Tobias;;
Trek maar even je jas aan.;Naar school;;;Tobias;;
Veel plezier op school!;naar school;;;Tobias;;
Wacht maar even op mama.;Naar school;;;Manouk;;
We doen de riempjes vast. ;naar school;;;Manouk;;
We gaan eerst je broertje wegbrengen, daarna gaan we jou wegbrengen.;naar school;;;Manouk;;
We gaan lekker spelen.;naar school;;;Manouk;;
We gaan naar Groep Vis.;naar school;;;Manouk;;
We moeten buiten staan als de taxi komt.;naar school;;;Manouk;;
We moeten nog even insmeren, anders ga je verbranden.;Naar school;;;Manouk;;
We zijn er bijna.;naar school;;;Manouk;;
Wil je achterop bij mama of wil je met je eigen fiets?;naar school;;;Manouk;;
Wil je met de fiets? ;naar school;;;Manouk;;
Fijn om je weer te zien.;naar school;;;Manouk;;
Gaan we eten?;ophalen uit school;;;Henrianne;;
Gaan we lekker naar huis?;ophalen uit school;;;Henrianne;;
geef je een high five aan de juf?;ophalen uit school;;;Henrianne;;
Heb je lekker gegeten?;ophalen uit school;;;Henrianne;;
Het is lekker weer buiten.;ophalen uit school;;;Henrianne;;
Hey vriend, heb je een leuke dag gehad?;ophalen uit school;;;Diego;;
Hier is je komkommer;ophalen uit school;;;Diego;;
Ik heb nog iets lekkers voor je meegenomen voor onderweg.;ophalen uit school;;;Diego;;
Je broer staat al te wachten.;ophalen uit school;;;Diego;;
kom maar, we gaan naar huis;ophalen uit school;;;Diego;;
Was het gezellig met de juf?;ophalen uit school;;;Tobias;;
Was het gezellig met de kindjes?;ophalen uit school;;;Tobias;;
Wat heb je allemaal gedaan vandaag?;ophalen uit school;;;Tobias;;
We gaan even je broer ophalen.;ophalen uit school;;;Tobias;;
we zien je morgen weer.;ophalen uit school;;;Tobias;;
Zeg je nog even ‘dag’?;ophalen uit school;;;Manouk;;
Zeg maar Dankjewel voor het spelen.;ophalen uit school;;;Manouk;;
Zeg maar tot morgen.;ophalen uit school;;;Manouk;;
Zeg maar tot volgende week.;ophalen uit school;;;Manouk;;
als je iets niet weet of als je iets nodig hebt, dan kan de oppas je helpen.;ophalen uit school;;;Manouk;;
als jij morgen wakker wordt, dan zijn je mama’s er weer.;Oppas;;;Henrianne;;
De oppas gaat boekjes met je lezen.;oppas;;;Henrianne;;
De oppas gaat jou naar bedje brengen.;oppas;;;Henrianne;;
de oppas is de baas.;oppas;;;Diego;;
De oppas is heel lief voor je.;Oppas;;;Diego;;
Ga je de oppas helpen?;Oppas;;;Diego;;
Je moet goed luisteren naar de oppas.;oppas;;;Tobias;;
jij kan uitleggen aan de oppas hoe wij de dingen altijd doen.;oppas;;;Tobias;;
Mama gaat zo weg.;oppas;;;Tobias;;
Papa en papa gaan eventjes op pad.;oppas;;;Manouk;;
Vanavond komt de oppas.;oppas;;;Manouk;;
Alles opruimen, ook je kamer.;oppas;;;Manouk;;
als je een filmpje wil kijken, moet je eerst even opruimen.;Opruimen/huishouden;;;Henrianne;;
Als je het nu even opruimt, kun je daarna gaan spelen.;Opruimen/huishouden;;;Henrianne;;
Als je nou slim bent, ruim je het nu even op, dan heb je langer televisietijd.;Opruimen/huishouden;;;Henrianne;;
Als jullie hebben opgeruimd, dan mogen jullie televisie kijken.;Opruimen/huishouden;;;Henrianne;;
breng de bal maar naar papa.;Opruimen/huishouden;;;Henrianne;;
breng de stiften maar naar mama.;Opruimen/huishouden;;;Henrianne;;
Doe de blokken maar in de doos.;Opruimen/huishouden;;;Henrianne;;
Doe jij de was in de wasmachine?;Opruimen/huishouden;;;Henrianne;;
Doe maar alles in een bakje.;Opruimen/huishouden;;;Henrianne;;
Een opgeruimd huis is een opgeruimd hoofd.;Opruimen/huishouden;;;Henrianne;;
Eerst je kamer opruimen, daarna mag je kleien.;Opruimen/huishouden;;;Diego;;
Even je bed opmaken.;Opruimen/huishouden;;;Diego;;
Hang jij je eigen kleren op?;Opruimen/huishouden;;;Diego;;
Help maar mee.;Opruimen/huishouden;;;Diego;;
Ik pak even een doekje.;Opruimen/huishouden;;;Diego;;
Kijk of je ergens een doekje kunt vinden.;Opruimen/huishouden;;;Diego;;
Kom je mama helpen met de vaatwasser uitruimen?;Opruimen/huishouden;;;Diego;;
Kom je papa helpen met tafeldekken?;Opruimen/huishouden;;;Diego;;
Kom maar, dan gaan we het schoonmaken.;Opruimen/huishouden;;;Diego;;
Later kunnen we weer verder spelen.;Opruimen/huishouden;;;Diego;;
Mama gaat nog even opruimen.;Opruimen/huishouden;;;Tobias;;
Mama houdt niet van rommel.;Opruimen/huishouden;;;Tobias;;
morgen kan je het speelgoed weer pakken.;Opruimen/huishouden;;;Tobias;;
Nee, we ruimen het wel op.;Opruimen/huishouden;;;Tobias;;
Op school moet je ook opruimen.;Opruimen/huishouden;;;Tobias;;
Pak jij de blokken?;Opruimen/huishouden;;;Tobias;;
Pak jij even alle auto's.;Opruimen/huishouden;;;Tobias;;
ruim de knutselspullen op;Opruimen/huishouden;;;Tobias;;
ruim de lego op;Opruimen/huishouden;;;Tobias;;
ruim eerst even op voordat je gaat spelen.;Opruimen/huishouden;;;Tobias;;
ruim je spullen vast even op, want we gaan zo eten;Opruimen/huishouden;;;Tobias;;
Ruim je tas uit.;Opruimen/huishouden;;;Manouk;;
tas leeghalen en op het aanrecht leggen.;Opruimen/huishouden;;;Manouk;;
we gaan nu opruimen en daarna gaan we lekker spelen met de duplo.;Opruimen/huishouden;;;Manouk;;
We kunnen morgen weer verder spelen.;Opruimen/huishouden;;;Manouk;;
We moeten even een doekje over het aanrecht halen.;Opruimen/huishouden;;;Manouk;;
Wil je het nog even zo laten staan of gaan we het opruimen?;Opruimen/huishouden;;;Manouk;;
Wil je me mee helpen met stofzuigen?;Opruimen/huishouden;;;Manouk;;
zullen we samen de was ophangen?;Opruimen/huishouden;;;Manouk;;
als er iets is, kom je naar me toe;Opruimen/huishouden;;;Manouk;;
als er iets is, mag je het altijd vragen.;Overig;;;Henrianne;;
Als je even wacht, kan ik ook naar jou luisteren.;Overig;;;Henrianne;;
als je hulp nodig hebt, vraag een ouder kind je te helpen.;Overig;;;Henrianne;;
Als je iets nodig hebt, kunnen ze je helpen.;Overig;;;Henrianne;;
als je nu niet snel klaar bent, dan hebben we geen tijd meer.;Overig;;;Henrianne;;
Als jij dat wil, moet je dat regelen voor jezelf;Overig;;;Henrianne;;
Als we nu gaan, zijn we nog op tijd.;Overig;;;Henrianne;;
Blijven zitten.;Overig;;;Henrianne;;
Daar kon je niks aan doen.;Overig;;;Henrianne;;
Dat hoeft niet.;Overig;;;Henrianne;;
Dat is goed, schat.;Overig;;;Henrianne;;
Dat is heel belangrijk.;Overig;;;Henrianne;;
Dat kan netter.;Overig;;;Henrianne;;
Dat mag niet!;Overig;;;Henrianne;;
Dat mag niet.;Overig;;;Henrianne;;
Die is zwaar.;Overig;;;Henrianne;;
Dit kan echt niet.;Overig;;;Henrianne;;
Dit moet je mama heel eventjes laten doen.;Overig;;;Henrianne;;
Echt waar?;Overig;;;Henrianne;;
Er gaat niks gebeuren.;Overig;;;Henrianne;;
Er gaat niks met ons gebeuren.;Overig;;;Henrianne;;
er komt straks iemand op bezoek.;Overig;;;Henrianne;;
Er zijn daar nog meer kindjes.;Overig;;;Henrianne;;
Ga maar even iets anders doen.;Overig;;;Henrianne;;
Gaan we zo naar buiten?;Overig;;;Henrianne;;
geef aan als je hulp nodig hebt;Overig;;;Diego;;
Heb je daar zin in?;Overig;;;Diego;;
Heb je iets nodig?;Overig;;;Diego;;
Heb je je tas?;Overig;;;Diego;;
Heel even wachten.;Overig;;;Diego;;
het duurt niet lang.;Overig;;;Diego;;
Het is niet oké.;Overig;;;Diego;;
Het is zo gebeurd.;Overig;;;Diego;;
Het was ingewikkeld dit.;Overig;;;Diego;;
Het ziet er gezellig uit.;Overig;;;Diego;;
Hoe ga je dat doen?;Overig;;;Diego;;
Hoe kunnen we dat gaan doen?;Overig;;;Diego;;
Hoe was het?;Overig;;;Diego;;
Hoe zie je dat iemand oud is?;Overig;;;Diego;;
Hoeveel nachtjes moet je nou nog wachten?;Overig;;;Diego;;
Ik denk dat die van mama is.;Overig;;;Diego;;
Ik kom zo bij je.;Overig;;;Diego;;
Ik luister zo naar je, maar ik ben heel even bezig.;Overig;;;Diego;;
Ik weet niet wat jij nu wil.;Overig;;;Diego;;
Ik wil niet graag te laat komen.;Overig;;;Diego;;
Is de telefoon leeg?;Overig;;;Diego;;
Je moet even wachten.;Overig;;;Diego;;
Je moet iets langer wachten.;Overig;;;Diego;;
Je moet wel dank je wel zeggen.;Overig;;;Diego;;
Jij hebt helemaal gelijk.;Overig;;;Diego;;
Jij mag het zelf vragen.;Overig;;;Tobias;;
Kan ik je erbij helpen?;Overig;;;Tobias;;
Kom eens even lekker bij mij liggen.;Overig;;;Tobias;;
Kom even hier.;Overig;;;Tobias;;
Kom in ieder geval even rustig liggen;Overig;;;Tobias;;
Kom je bij mama zitten?;Overig;;;Tobias;;
Kom maar even chillen.;Overig;;;Tobias;;
Kom op, je kan het.;Overig;;;Tobias;;
Kom op, schiet op.;Overig;;;Tobias;;
Kom, we moeten opschieten;Overig;;;Tobias;;
Kun jij dat doen?;Overig;;;Tobias;;
Laat zien hoe goed je dat kan.;Overig;;;Tobias;;
Nog heel eventjes en dan ben je klaar.;Overig;;;Tobias;;
oh ja? vertel, vertel meer.;Overig;;;Tobias;;
Oh jeetje, dat ziet er ingewikkeld uit.;Overig;;;Tobias;;
oh, kijk eens wat mooi!;Overig;;;Tobias;;
Soms doe je iets waar je sorry voor moet zeggen.;Overig;;;Tobias;;
veel succes!;Overig;;;Tobias;;
Wat bedoel je dan?;Overig;;;Tobias;;
Wat ben je aan het doen?;Overig;;;Tobias;;
Wat doet hij?;Overig;;;Tobias;;
wat gaan we eerst doen?;Overig;;;Tobias;;
wat gebeurde er toen?;Overig;;;Tobias;;
wat heb je daarna gedaan?;Overig;;;Tobias;;
Wat heb je gedaan?;Overig;;;Tobias;;
Wat heb je nodig?;Overig;;;Manouk;;
Wat is er allemaal gebeurd?;Overig;;;Manouk;;
Wat leuk!;Overig;;;Manouk;;
Wat wil je doen vandaag?;Overig;;;Manouk;;
Wat zeg je dan? Dankjewel.;Overig;;;Manouk;;
Wat zeg je?;Overig;;;Manouk;;
Wat zie ik hier?;Overig;;;Manouk;;
We gaan even naar buiten.;Overig;;;Manouk;;
we gaan gebaren oefenen.;Overig;;;Manouk;;
We kunnen het samen oplossen.;Overig;;;Manouk;;
We moeten even doorlopen;Overig;;;Manouk;;
Wie is dat?;Overig;;;Manouk;;
wie is er echt oud?;Overig;;;Manouk;;
Wil je dat?;Overig;;;Manouk;;
Wil je hier blijven of wil je me helpen?;Overig;;;Manouk;;
Wil jij op het knopje drukken?;Overig;;;Manouk;;
Word jij zelf ook ooit zo oud?;Overig;;;Manouk;;
Zeg maar wat je wil.;Overig;;;Manouk;;
Zie je wel dat je dit kan?;Overig;;;Manouk;;
Zie je wel dat je heel veel kan als je blijft oefenen.;Overig;;;Manouk;;
Zie je wel dat je heel veel kan als je doorzet.;Overig;;;Manouk;;
Zie je wel dat je het kan regelen voor jezelf.;Overig;;;Manouk;;
Zit je goed?;Overig;;;Manouk;;
Zometeen kan je iets vertellen.;Overig;;;Manouk;;
Zullen we samen kijken hoe we het kunnen oplossen?;Overig;;;Manouk;;
Als we dit erop doen, gaat de pijn over.;Overig;;;Manouk;;
Daarna doet het geen pijn meer.;Pijn;;;Henrianne;;
Dat is niet fijn.;Pijn;;;Henrianne;;
De pleister moet er even af.;pijn;;;Henrianne;;
Doe je een zalfje erop?;Pijn;;;Henrianne;;
Doet het pijn?;Pijn;;;Henrianne;;
Heb je je geschaafd?;Pijn;;;Henrianne;;
heb je je gestoten?;Pijn;;;Henrianne;;
Het gaat vanzelf over;Pijn;;;Henrianne;;
Het kan een beetje prikken.;Pijn;;;Diego;;
Ik zie een blauwe plek.;Pijn;;;Diego;;
Je doet Casper pijn.;Pijn;;;Diego;;
Kan je het nog bewegen?;pijn;;;Diego;;
Kan je je tenen nog bewegen?;Pijn;;;Diego;;
Kan je me vertellen waar je pijn hebt?;Pijn;;;Diego;;
Kan je nog goed lopen?;Pijn;;;Diego;;
Kun je het aanwijzen?;Pijn;;;Diego;;
Moet er een pleister op?;pijn;;;Tobias;;
Moeten we het nog schoonmaken?;pijn;;;Tobias;;
O, ben je gevallen?;Pijn;;;Tobias;;
Oh jee, je hebt pijn.;pijn;;;Tobias;;
oh wat vervelend;Pijn;;;Tobias;;
oh, ik zie het al, je been moet eraf!;Pijn;;;Tobias;;
Onder de douche wordt de pleister nat en krijg je hem er moeilijker af.;Pijn;;;Tobias;;
Waar doet het pijn?;Pijn;;;Tobias;;
Wat is er gebeurd?;Pijn;;;Manouk;;
wat vervelend dat hij je pijn heeft gedaan;Pijn;;;Manouk;;
Wie heeft dat gedaan?;Pijn;;;Manouk;;
Zal ik er een kusje op geven?;Pijn;;;Manouk;;
Zal ik er een pleister opdoen?;pijn;;;Manouk;;
Zo, kusje erop!;Pijn;;;Manouk;;
Zullen we een pilletje pakken?;pijn;;;Manouk;;
(Aanstaande) Zaterdag gaan we naar de bioscoop!;pijn;;;Manouk;;
(afgelopen) Zaterdag zijn we naar het bos geweest.;Plaatsen;;;Henrianne;;
Gaan we hier op het bankje zitten of in het gras?;Plaatsen;;;Henrianne;;
Kijk eens wat een mooie bomen.;Plaatsen;;;Henrianne;;
Kijk, daar is een vlieger;Plaatsen;;;Diego;;
Kijk, een paddenstoel;Plaatsen;;;Diego;;
Kijk, er liggen heel veel blaadjes.;Plaatsen;;;Diego;;
We gaan naar het bos toe.;Plaatsen;;;Tobias;;
zouden er ook kabouters zijn?;Plaatsen;;;Tobias;;
Zullen we hier even picknicken?;Plaatsen;;;Tobias;;
Zullen we kabouters gaan zoeken?;Plaatsen;;;Manouk;;
Daar kun je lekker spelen met de andere kindjes.;Plaatsen;;;Manouk;;
Daarna ga je lekker eten en drinken.;Planning;;;Henrianne;;
Daarna ga je lekker slapen.;Planning;;;Henrianne;;
Daarna ga je naar opa en oma.;planning;;;Henrianne;;
Daarna gaan we even opruimen.;Planning;;;Henrianne;;
Dat gaan we straks doen.;planning;;;Henrianne;;
Eerst nog even opruimen, dan gaan we zo naar de geitjes.;Planning;;;Henrianne;;
Het is vandaag woensdag.;planning;;;Henrianne;;
Ik heb straks een verrassing voor je.;Planning;;;Diego;;
Ja, spannend hè?;planning;;;Diego;;
Je gaat lekker buitenspelen vanmiddag.;planning;;;Diego;;
Mama gaat vandaag werken.;Planning;;;Diego;;
Mama moet in ieder geval boodschappen doen.;Planning;;;Diego;;
Misschien ga je wel knutselen. ;planning;;;Diego;;
Morgen is ook een schooldag.;Planning;;;Diego;;
Papa werkt vandaag thuis.;planning;;;Tobias;;
Strakjes gaan we naar buiten.;Planning;;;Tobias;;
Vandaag blijf je thuis met mama.;Planning;;;Tobias;;
vandaag ga je lekker naar juf Patricia.;Planning;;;Tobias;;
Vandaag ga je naar De Ster.;Planning;;;Tobias;;
Voordat we met iets nieuws gaan spelen, moeten we eerst opruimen.;Planning;;;Tobias;;
Waar ga je vandaag naartoe?;planning;;;Tobias;;
Waar heb jij zin in?;Planning;;;Manouk;;
Wat gaan jullie doen vandaag? ;planning;;;Manouk;;
Wat zullen we vandaag gaan doen?;Planning;;;Manouk;;
We gaan eerst even lekker eten.;planning;;;Manouk;;
we gaan morgen naar de dierentuin.;planning;;;Manouk;;
we gaan straks iets leuks doen.;planning;;;Manouk;;
Blijf daar vanaf.;planning;;;Manouk;;
Even goed op je stoel zitten.;restaurant;;;Henrianne;;
Even wachten, het eten komt zo.;restaurant;;;Henrianne;;
Ik zorg dat de ober komt en dan mag jij het vragen.;restaurant;;;Henrianne;;
In een restaurant moet je extra op je manieren letten.;restaurant;;;Henrianne;;
In een restaurant moet je netjes eten.;restaurant;;;Henrianne;;
In een restaurant moet je wel rustig kunnen zitten.;restaurant;;;Henrianne;;
Mama is even aan het praten.;restaurant;;;Diego;;
naar welk restaurant zullen we gaan?;restaurant;;;Diego;;
vraag het maar aan de ober.;restaurant;;;Diego;;
Was het eten lekker?;restaurant;;;Diego;;
Wat wil je bestellen? ;restaurant;;;Diego;;
wat wil je mee voor in het restaurant?;restaurant;;;Diego;;
Wat wil je op je pannenkoek?;restaurant;;;Tobias;;
We gaan even betalen.;restaurant;;;Tobias;;
Wil je een hapje van mama's tosti?;restaurant;;;Tobias;;
Wil je een tosti?;restaurant;;;Tobias;;
Wil je frietjes erbij?;restaurant;;;Tobias;;
Ze hebben frietjes met kipnuggets of macaroni met kaas.;restaurant;;;Tobias;;
Ze zijn je eten nu aan het maken.;restaurant;;;Manouk;;
Zeg maar tegen de meneer wat je wil eten.;restaurant;;;Manouk;;
Zeg maar tegen de mevrouw wat je wil drinken ;restaurant;;;Manouk;;
Zullen we een gerecht delen?;restaurant;;;Manouk;;
als je er niet uit komt, mag je altijd naar de juf toe gaan;restaurant;;;Manouk;;
Binnenkort ga je naar groep 2.;School;;;Henrianne;;
De juf wil je altijd graag helpen.;School;;;Henrianne;;
De juf zal heel lief zijn, die zal niet boos worden.;School;;;Henrianne;;
De meester zal alleen streng zijn als het nodig is.;School;;;Henrianne;;
Heb je geknutseld?;School;;;Henrianne;;
Heb je gespeeld met kindjes?;School;;;Henrianne;;
Heb je vandaag gym gehad?;School;;;Henrianne;;
heb je vandaag muziekles gehad?;school;;;Henrianne;;
heeft de juf je geholpen?;School;;;Henrianne;;
Het is een schooldag, dus ga je zelf aankleden.;school;;;Henrianne;;
het is geen uitslaapdag, maar een schooldag.;school;;;Diego;;
Hoe was het op school?;School;;;Diego;;
Hoe was het vandaag?;school;;;Diego;;
ik breng jou weg.;School;;;Diego;;
In welke hoek heb je gespeeld?;school;;;Diego;;
Je drinkbeker moet leeg terug van school komen.;school;;;Diego;;
Je hebt een juf en een meester.;school;;;Diego;;
jij gaat iedere dag naar groep Muis toe.;School;;;Diego;;
Naast wie heb je gezeten?;school;;;Diego;;
oma komt je vanmiddag ophalen. (situatie: ophalen van school);school;;;Diego;;
Opa haalt je vanmiddag op met de auto. (situatie: ophalen van school);school;;;Tobias;;
Pak je tas.;school;;;Tobias;;
Papa brengt jou weg.;school;;;Tobias;;
Straks ga je naar de behandelgroep.;school;;;Tobias;;
Vandaag is Juf Ellen er.;school;;;Tobias;;
Vanmiddag ga je naar de BSO.;School;;;Tobias;;
Was het leuk net op school?;school;;;Tobias;;
Wat is het leukste wat je vandaag hebt gedaan?;school;;;Tobias;;
Wat voor fruit willen jullie mee naar school?;School;;;Tobias;;
Wat voor pauzehap willen jullie vandaag mee naar school? Een rijstwafel of een koek?;school;;;Tobias;;
Wat voor werkjes heb je gedaan?;school;;;Manouk;;
wat wil je op je brood naar school?;school;;;Manouk;;
We gaan naar school.;school;;;Manouk;;
we moeten je zus ophalen van school.;School;;;Manouk;;
Welk boekje heb je gelezen?;school;;;Manouk;;
Wie was je maatje vandaag?;school;;;Manouk;;
Wil je komkommer mee naar school?;school;;;Manouk;;
Zet je broodtrommel op het aanrecht.;school;;;Manouk;;
Zit er nog iets in je (brood)trommel?;school;;;Manouk;;
Zo meteen gaan we naar school.;school;;;Manouk;;
heb je het al gevraagd aan zijn ouders?;school;;;Manouk;;
Je kan niet bij ons spelen vandaag, maar je kan wel bij Tom spelen.;Speelafspraak;;;Henrianne;;
Misschien kunnen we een andere keer een speelafspraak maken.;speelafspraak;;;Henrianne;;
Tom kan blijven spelen.;speelafspraak;;;Diego;;
Weet je nog hoe de mama van Sef heet?;speelafspraak;;;Diego;;
Weten de ouders van Tom dat hij bij ons komt spelen?;Speelafspraak;;;Tobias;;
Alleen rollen met de bal, niet gooien.;Speelafspraak;;;Manouk;;
Als je mij niet kan vinden, dan ga je naar de ingang.;spelen;;;Henrianne;;
als je mij niet kan vinden, kan je andere volwassenen om hulp vragen.;Spelen;;;Henrianne;;
Bij de glijbaan moet je even wachten tot het andere kindje beneden is.;Spelen;;;Henrianne;;
daar ben je al een beetje groot voor.;spelen;;;Henrianne;;
Daar ben je nog een beetje te klein voor;spelen;;;Henrianne;;
Daarna ben jij aan de beurt.;spelen;;;Henrianne;;
Dan moet je zeggen dat je het niet leuk vindt.;spelen;;;Henrianne;;
De bal is voor buiten.;spelen;;;Henrianne;;
De toren is bijna af.;spelen;;;Henrianne;;
Er is daar ook een speeltuin.;Spelen;;;Henrianne;;
er ligt nog K'NEX op het tapijt;Spelen;;;Henrianne;;
Even tanken.;Spelen;;;Henrianne;;
Ga je de auto parkeren?;spelen;;;Henrianne;;
Ga je een kasteel maken?;spelen;;;Henrianne;;
ga je klimmen? ;spelen;;;Henrianne;;
Ga je nog meer bouwen?;spelen;;;Henrianne;;
Ga maar even zelf spelen.;Spelen;;;Henrianne;;
Ga maar kijken of Marie thuis is.;spelen;;;Henrianne;;
Ga maar van de glijbaan.;spelen;;;Henrianne;;
Ga maar zingen, dat kun je zo mooi.;spelen;;;Henrianne;;
ga maar, ik blijf hier zitten.;Spelen;;;Henrianne;;
Gaan jullie een rondje fietsen?;Spelen;;;Henrianne;;
Gaan jullie maar daar spelen.;spelen;;;Henrianne;;
Gaan we buiten spelen?;spelen;;;Henrianne;;
gaan we klappen?;Spelen;;;Henrianne;;
geef elkaar de ruimte;spelen;;;Henrianne;;
Goed gedaan, dat was een moeilijk (puzzel)stukje!;Spelen;;;Henrianne;;
Goed gedaan, die past precies!;Spelen;;;Henrianne;;
Heb je al je knuffels?;Spelen;;;Henrianne;;
Heb je buitengespeeld?;Spelen;;;Henrianne;;
Het zand laten we in de zandbak.;spelen;;;Henrianne;;
het zand van de zandbak moet uit je haar.;spelen;;;Henrianne;;
hier is je knuffel weer.;spelen;;;Henrianne;;
hier is je treintje.;spelen;;;Henrianne;;
Hier, alsjeblieft, ga hier maar mee spelen.;spelen;;;Diego;;
Hoe heten je knuffels?;spelen;;;Diego;;
Ik ga eerst de was doen en dan gaan we naar de speeltuin.;spelen;;;Diego;;
Is de toren nu klaar?;spelen;;;Diego;;
Je hebt een mooie toren gebouwd.;spelen;;;Diego;;
Je mag nog even buitenspelen.;spelen;;;Diego;;
jij hebt de hele dag in de zandbak gespeeld.;spelen;;;Diego;;
Kiekeboe, daar ben je.;spelen;;;Diego;;
kijk maar hoe ver je komt met klimmen, ik ga je expres niet zo veel helpen.;spelen;;;Diego;;
Kijk naar de kleuren, ze horen bij elkaar.;spelen;;;Diego;;
Kijk uit voor andere kinderen;Spelen;;;Diego;;
kom, we gaan even kleien.;spelen;;;Diego;;
Kom, we gaan even naar het pleintje.;spelen;;;Diego;;
kom, we gaan sneeuwballen gooien.;spelen;;;Diego;;
Kom, we nemen de bal mee en dan gaan we in het park voetballen.;spelen;;;Diego;;
Kom, we pakken de laarzen, dan gaan we in de plassen springen.;spelen;;;Diego;;
laat het andere kindje maar voor gaan.;spelen;;;Diego;;
laten we een treinbaan bouwen.;spelen;;;Diego;;
Leg het krijt maar achter het knutselboek. ;spelen;;;Diego;;
leg het speelgoed weg;spelen;;;Diego;;
Maak maar een hele hoge toren.;spelen;;;Diego;;
Mama gaat jullie nu duwen (op de schommel);spelen;;;Diego;;
Mama zit hier.;spelen;;;Diego;;
Met welk speelgoed wil je nu spelen?;spelen;;;Diego;;
Met wie heb je gespeeld?;spelen;;;Diego;;
Moet ik je helpen of kun je het zelf?;spelen;;;Diego;;
Naast de knutseldoos staat een boekje.;spelen;;;Diego;;
Nee, die had Jona, nu even niet afpakken.;spelen;;;Diego;;
Nee, we gaan nu niet meer spelen.;spelen;;;Diego;;
Niet afpakken;spelen;;;Diego;;
Niet gooien.;spelen;;;Diego;;
Niet in je mond stoppen.;spelen;;;Diego;;
Niet met de bal binnen spelen.;spelen;;;Diego;;
Niet te hoog klimmen. ;spelen;;;Diego;;
Nog 5 minuutjes.;spelen;;;Tobias;;
Nog één keer glijden, dan gaan we naar huis.;spelen;;;Tobias;;
om de beurt.;spelen;;;Tobias;;
Pak je knuffel anders maar eventjes;spelen;;;Tobias;;
Pas op, niet te hoog klimmen.;spelen;;;Tobias;;
Past dit (puzzel)stukje misschien?;spelen;;;Tobias;;
Probeer dit (puzzel)stukje hier.;Spelen;;;Tobias;;
Samen delen.;Spelen;;;Tobias;;
Samen spelen met je broer;spelen;;;Tobias;;
vandaag kunnen we niet spelen, want je hebt voetbal.;spelen;;;Tobias;;
Waar ga je heen rijden?;spelen;;;Tobias;;
Waar is de mol?;spelen;;;Tobias;;
Waar is Jona nou?;spelen;;;Tobias;;
Waar wil je buiten spelen?;spelen;;;Tobias;;
Waar wil je mee spelen?;spelen;;;Tobias;;
Waar zijn de autootjes?;spelen;;;Tobias;;
Wat ben je hoog geklommen zeg!;spelen;;;Tobias;;
We blijven in de speeltuin.;spelen;;;Tobias;;
We gaan bijna op de trampoline.;spelen;;;Tobias;;
We gaan buiten achter het huis spelen.;spelen;;;Tobias;;
We gaan lekker in de regen spelen;spelen;;;Tobias;;
We gaan met Casper spelen.;spelen;;;Tobias;;
We gaan naar de grote speeltuin.;spelen;;;Tobias;;
We gaan naar het speeltuintje.;spelen;;;Tobias;;
We gaan nog een liedje zingen.;spelen;;;Tobias;;
We gaan op de glijbaan.;spelen;;;Tobias;;
We gaan op de skelter.;spelen;;;Tobias;;
We gaan schommelen.;spelen;;;Tobias;;
we gaan spelen met de bal.;spelen;;;Tobias;;
we kunnen een dam maken en dan kunnen we misschien water erin doen.;spelen;;;Tobias;;
we kunnen heel even niet buiten spelen.;spelen;;;Tobias;;
Wie is nu jouw favoriete knuffel?;spelen;;;Tobias;;
Wie woont er in dat paleis?;spelen;;;Tobias;;
Wij gaan nog niet naar buiten.;spelen;;;Tobias;;
Wil je buiten fietsen?;Spelen;;;Manouk;;
Wil je daar een toren bouwen of wil je hier de toren bouwen?;spelen;;;Manouk;;
Wil je een puzzel maken?;spelen;;;Manouk;;
Wil je in de zandbak spelen?;spelen;;;Manouk;;
Wil je je kleurboek, je doe-boek of een leesboekje mee?;spelen;;;Manouk;;
Wil je met de duplo spelen? ;spelen;;;Manouk;;
Wil je met de pop spelen?;spelen;;;Manouk;;
Wil je oefenen op de fiets of wil je liever op de step?;spelen;;;Manouk;;
Wil je samen met je broer schommelen?;spelen;;;Manouk;;
Wil je van de glijbaan?;spelen;;;Manouk;;
Wow, je hebt een heel hoge toren gemaakt.;spelen;;;Manouk;;
Zal ik de schommel duwen?;spelen;;;Manouk;;
Zal ik de treinbaan pakken? ;spelen;;;Manouk;;
Zal mama meegaan?;spelen;;;Manouk;;
Zeg maar stop, hou op;spelen;;;Manouk;;
Zet de tablet uit.;spelen;;;Manouk;;
Zet het (speelgoed)autootje maar voor de doos. ;Spelen;;;Manouk;;
Zullen we de speelmat pakken?;spelen;;;Manouk;;
Zullen we een dinosaurus kleien?;spelen;;;Manouk;;
Zullen we een hele diepe tunnel graven?;spelen;;;Manouk;;
Zullen we een herfsttafel gaan maken?;spelen;;;Manouk;;
Zullen we een tasje meenemen, dan kunnen we mooie bladeren verzamelen.;spelen;;;Manouk;;
Zullen we eerst even binnen spelen?;spelen;;;Manouk;;
Zullen we eerst even een stukje lopen en daarna spelen?;spelen;;;Manouk;;
Zullen we eikels verzamelen?;spelen;;;Manouk;;
Zullen we gaan voetballen?;spelen;;;Manouk;;
Zullen we gaan vouwen?;spelen;;;Manouk;;
Zullen we je step pakken?;spelen;;;Manouk;;
Zullen we kastanjes zoeken?;spelen;;;Manouk;;
Zullen we kijken of je vriendjes thuis zijn?;spelen;;;Manouk;;
Zullen we met de bal gooien?;spelen;;;Manouk;;
Zullen we puzzelen ?;spelen;;;Manouk;;
Zullen we samen van deze hoge glijbaan afgaan?;spelen;;;Manouk;;
Zullen we vouwpapier meenemen?;spelen;;;Manouk;;
Bijna bij de finish!;spelen;;;Manouk;;
Deze had je al eerder gezien! (memory);Spelletje;;;Henrianne;;
Die hadden we net gezien. (memory);Spelletje;;;Henrianne;;
Draai maar een kaartje om.;spelletje;;;Henrianne;;
Even wachten, ik ben nog niet klaar.;Spelletje;;;Henrianne;;
Genoeg blijven oefenen, dan ben je straks zeker beter.;Spelletje;;;Henrianne;;
Goed onthouden!;Spelletje;;;Henrianne;;
Gooi de dobbelsteen maar.;Spelletje;;;Henrianne;;
Heb je een paar gevonden?;Spelletje;;;Henrianne;;
Heb je stiekem geoefend?;Spelletje;;;Henrianne;;
Heb jij een kaart voor mij?;Spelletje;;;Henrianne;;
Het is jouw beurt (situatie: spelletje);Spelletje;;;Henrianne;;
Het maakt niet uit, we spelen voor de lol!;Spelletje;;;Diego;;
Het spelletje was leuk, toch?;Spelletje;;;Diego;;
Het was wel echt een leuk spel.;spelletje;;;Diego;;
Hoeveel kaarten heb je nog?;Spelletje;;;Diego;;
Hoeveel stappen moet je zetten met je pion?;spelletje;;;Diego;;
Ja, die plaatjes zijn hetzelfde.;spelletje;;;Diego;;
Je hebt alweer gewonnen!;spelletje;;;Diego;;
Je hebt een kwartet!;spelletje;;;Diego;;
Je hebt een zes gegooid, je mag beginnen!;Spelletje;;;Diego;;
Je mag nog een keer gooien!;Spelletje;;;Diego;;
Jemig je wordt steeds beter, straks kan ik je niet meer bijhouden.;Spelletje;;;Diego;;
Kijk goed naar de plaatjes. (memory);Spelletje;;;Tobias;;
Kijk goed naar je kaarten.;Spelletje;;;Tobias;;
Nee, die kaart heb ik niet.;Spelletje;;;Tobias;;
Nee, we gaan zo meteen pas een spelletje doen. ;Spelletje;;;Tobias;;
Nog één keer proberen.;spelletje;;;Tobias;;
Nu is mama aan de beurt.;Spelletje;;;Tobias;;
Nu mag jij.;spelletje;;;Tobias;;
Oeps, je moet terug naar start!;spelletje;;;Tobias;;
Pak maar twee kaarten van de stapel.;Spelletje;;;Tobias;;
Volgende keer beter.;spelletje;;;Tobias;;
Volgens mij was ik aan de beurt.;spelletje;;;Tobias;;
Vraag maar een kaart aan papa.;spelletje;;;Manouk;;
Wacht op je beurt.;Spelletje;;;Manouk;;
Wat een geluk!;spelletje;;;Manouk;;
Weet jij nog waar deze ligt? (tijdens memory);spelletje;;;Manouk;;
Welk kwartet verzamel jij?;Spelletje;;;Manouk;;
Wie is er aan de beurt?;Spelletje;;;Manouk;;
Wie mag er beginnen?;spelletje;;;Manouk;;
Wil je het nog een keer proberen?;spelletje;;;Manouk;;
Yes, we hebben gewonnen!;spelletje;;;Manouk;;
Zet je pion vooruit.;spelletje;;;Manouk;;
De tandarts gaat even kijken of we goed aan het poetsen zijn.;Spelletje;;;Manouk;;
De tandarts gaat je tandjes tellen.;Tandarts;;;Henrianne;;
de tandarts gaat naar je tanden kijken.;tandarts;;;Henrianne;;
Even kijken of je tanden goed schoon zijn.;tandarts;;;Diego;;
Je mag in de spiegel meekijken bij de tandarts.;tandarts;;;Diego;;
Je mag samen met mama in de tandartsstoel.;tandarts;;;Tobias;;
Je moet je mondje goed open doen.;tandarts;;;Tobias;;
Mama zal het voordoen.;tandarts;;;Manouk;;
Alle tanden 5 seconden poetsen.;tandarts;;;Manouk;;
binnenkant, buitenkant, bovenkant, binnenkant, buitenkant, onderkant. (situatie: tijdens tanden poetsen);Tanden poetsen;;;Henrianne;;
ga je tanden even poetsen.;Tanden poetsen;;;Henrianne;;
Goed gedaan, ik poets nog even na.;Tanden poetsen;;;Henrianne;;
Heb je alle tanden gepoetst? Ben je ook achterin geweest?;Tanden poetsen;;;Henrianne;;
Heb je je tanden al gepoetst?;tanden poetsen;;;Henrianne;;
ik zie nog iets tussen je tanden zitten.;tanden poetsen;;;Henrianne;;
Leg je tandenborstel maar klaar, ga ik je tanden even poetsen.;tanden poetsen;;;Diego;;
Mag ik nog even kijken of je goed gepoetst hebt?;tanden poetsen;;;Diego;;
moet ik je helpen met tandenpoetsen?;tanden poetsen;;;Diego;;
niet te kort poetsen.;tanden poetsen;;;Diego;;
probeer even alle tandjes, boven en onder, te poetsen.;tanden poetsen;;;Diego;;
tanden poetsen en naar bed;tanden poetsen;;;Diego;;
We gaan tandenpoetsen.;tanden poetsen;;;Tobias;;
De tandjes moeten goed schoon worden, anders wordt de tandarts boos.;tanden poetsen;;;Tobias;;
goed zo, we zijn bijna klaar.;tandenpoetsen;;;Tobias;;
hier is een bekertje water. ;tandenpoetsen;;;Tobias;;
hoofd draaien.;tandenpoetsen;;;Tobias;;
Je mag het uitspugen.;tandenpoetsen;;;Tobias;;
Je mag zelf tandenpoetsen.;tandenpoetsen;;;Manouk;;
nu de bovenkant poetsen ;tandenpoetsen;;;Manouk;;
nu de onderkant poetsen;tandenpoetsen;;;Manouk;;
Spoel je mond maar.;tandenpoetsen;;;Manouk;;
Zeg eens aaa.;tandenpoetsen;;;Manouk;;
Hang je jas op de kapstok.;tandenpoetsen;;;Manouk;;
Kom maar, doe ik je schoenen even uit;thuiskomen (uit school);;;Henrianne;;
Leg je schoenen maar even in de gang.;thuiskomen (uit school);;;Diego;;
Trek je jas maar uit.;thuiskomen (uit school);;;Tobias;;
We ruimen de jas even op.;thuiskomen (uit school);;;Tobias;;
Jas ophangen.;thuiskomen (uit school);;;Manouk;;
als deze is afgelopen, zet je de tv dan uit?;thuiskomen uit school;;;Manouk;;
als dit filmpje is afgelopen, dan gaan we eten;TV kijken;;;Henrianne;;
Als ik ga koken, mag je een filmpje kijken.;TV kijken;;;Henrianne;;
Ga lekker zitten, dan zet ik de tv aan.;TV kijken;;;Henrianne;;
Nee, we gaan nu nog niet tv kijken.;TV kijken;;;Diego;;
Nog één aflevering.;tv kijken;;;Diego;;
Wat wil je kijken op tv?;tv kijken;;;Diego;;
we gaan iets kijken op tv.;tv kijken;;;Tobias;;
we kunnen niet alles doorspoelen ;tv kijken;;;Tobias;;
Wil je een filmpje kijken?;tv kijken;;;Manouk;;
De schoenen uit in de gang.;tv kijken;;;Manouk;;
Doe je kleren maar in de wasmand.;Uitkleden;;;Henrianne;;
Even alles uitkleden en bij de was leggen.;uitkleden;;;Henrianne;;
Gaan we je kleertjes uitdoen?;Uitkleden;;;Diego;;
hang je kleren maar netjes op.;uitkleden;;;Diego;;
Kom maar, dan gaan we je kleertjes uittrekken.;Uitkleden;;;Tobias;;
wil je je schoenen niet uit?;uitkleden;;;Tobias;;
Zet je schoenen even netjes neer.;uitkleden;;;Tobias;;
Zullen we je shirt uitdoen?;uitkleden;;;Manouk;;
Je mag lekker in het zand spelen.;uitkleden;;;Manouk;;
Kijk, een vliegtuig in de lucht.;vakantie;;;Henrianne;;
Morgen gaan we op vakantie.;vakantie;;;Henrianne;;
Over twee weken gaan we op vakantie.;vakantie;;;Henrianne;;
We blijven een nachtje op de camping slapen.;vakantie;;;Diego;;
We blijven twee nachtjes in het hotel slapen.;vakantie;;;Diego;;
We gaan lekker naar het strand.;vakantie;;;Diego;;
We gaan met het vliegtuig.;vakantie;;;Tobias;;
We gaan met z'n allen op pad.;vakantie;;;Tobias;;
We gaan naar een vakantiehuisje.;vakantie;;;Tobias;;
We gaan naar Frankrijk.;vakantie;;;Tobias;;
We gaan naar Schiphol.;vakantie;;;Manouk;;
We gaan op vakantie met de boot.;vakantie;;;Manouk;;
We stoppen je spulletjes in de koffer.;vakantie;;;Manouk;;
Als je jarig bent, mag je een traktatie uitdelen.;vakantie;;;Manouk;;
Als je jarig bent, mag je op de stoel staan.;verjaardag;;;Henrianne;;
Als mensen vragen wat je voor je verjaardag wilt, kun je je verlanglijstje laten zien.;verjaardag;;;Henrianne;;
De cadeautjes mag je morgen pas uitpakken.;Verjaardag;;;Henrianne;;
Geef het cadeautje maar.;verjaardag;;;Henrianne;;
Geef maar een handje.;verjaardag;;;Henrianne;;
Gefeliciteerd! Je bent weer een jaar ouder!;verjaardag;;;Henrianne;;
Heb je een mooie feestmuts?;Verjaardag;;;Henrianne;;
Het bezoek komt straks.;verjaardag;;;Henrianne;;
Het huis is mooi versierd.;verjaardag;;;Henrianne;;
Het is feest vandaag.;verjaardag;;;Henrianne;;
Hoeveel jaar ben je?;verjaardag;;;Henrianne;;
Je bent bijna jarig.;verjaardag;;;Henrianne;;
Je kan alles vragen, maar je krijgt waarschijnlijk niet alles.;Verjaardag;;;Henrianne;;
je krijgt een feestmuts.;Verjaardag;;;Henrianne;;
Je mag de kaarsjes uitblazen op de taart.;verjaardag;;;Henrianne;;
Je tante komt ook naar het feestje.;verjaardag;;;Diego;;
Kan je het cadeautje zelf uitpakken?;verjaardag;;;Diego;;
Kijk, daar hangen mooie ballonnen.;verjaardag;;;Diego;;
Kijk, daar hangen mooie slingers.;verjaardag;;;Diego;;
Nee, je krijgt geen chocoladetaart.;verjaardag;;;Diego;;
Nog drie nachtjes en dan ben je jarig.;verjaardag;;;Diego;;
Nog drie nachtjes slapen.;verjaardag;;;Diego;;
Nog vier dagen tot je verjaardag.;verjaardag;;;Diego;;
Nu ben je drie jaar!;verjaardag;;;Diego;;
Oma is er ook.;verjaardag;;;Diego;;
Oma is jarig.;verjaardag;;;Diego;;
Op je verjaardag krijg je cadeautjes.;verjaardag;;;Diego;;
Opa komt straks ook.;verjaardag;;;Diego;;
Pak je kadootje maar uit.;verjaardag;;;Diego;;
Trek al je kleren maar weer aan.;verjaardag;;;Diego;;
Wat denk je dat oma leuk zou vinden om te krijgen (als cadeautje)?;verjaardag;;;Tobias;;
Wat een mooie muts!;verjaardag;;;Tobias;;
Wat gaan we oma geven?;verjaardag;;;Tobias;;
Wat voor feestje wil je dit jaar geven?;verjaardag;;;Tobias;;
Wat voor taart wil je dit jaar?;verjaardag;;;Tobias;;
Wat wil je als ontbijt op je verjaardag?;verjaardag;;;Tobias;;
Wat wil je eten op je verjaardag?;verjaardag;;;Tobias;;
Wat wil je uitdelen op school?;verjaardag;;;Tobias;;
Wat wil je voor cadeautjes hebben?;verjaardag;;;Tobias;;
Wat zeggen we dan? Gefeliciteerd.;Verjaardag;;;Tobias;;
Wat zou je willen hebben voor je verjaardag?;verjaardag;;;Tobias;;
Wat zullen we als cadeautje geven?;verjaardag;;;Tobias;;
We gaan een cadeautje inpakken.;verjaardag;;;Tobias;;
We gaan een feestje vieren.;verjaardag;;;Tobias;;
We gaan trakteren bij Groep Vis.;verjaardag;;;Manouk;;
We gaan zo naar een verjaardag.;verjaardag;;;Manouk;;
We hebben ballonnen.;verjaardag;;;Manouk;;
We kunnen op een lijstje schrijven welke cadeautjes je wil hebben, je verlanglijstje. ;verjaardag;;;Manouk;;
Wie wil je uitnodigen voor je feestje?;Verjaardag;;;Manouk;;
Wil je helpen met het cadeautje uitpakken, want je broertje kan dat nog niet.;verjaardag;;;Manouk;;
wil je nog even wachten?;verjaardag;;;Manouk;;
Wil je samen het cadeautje uitpakken?;verjaardag;;;Manouk;;
Wil je taart?;verjaardag;;;Manouk;;
Zullen we de kaarsjes uitblazen?;verjaardag;;;Manouk;;
zullen we iets moois maken voor opa?;verjaardag;;;Manouk;;
Zullen we kijken wat voor traktaties we gaan maken dit jaar?;verjaardag;;;Manouk;;
Zullen we Lang zal ze leven zingen?;verjaardag;;;Manouk;;
Daar komt de trein aan.;verjaardag;;;Manouk;;
Die persoon komt even de kaartjes controleren.;verkeer;;;Henrianne;;
Echt goed kijken voordat je oversteekt.;verkeer;;;Henrianne;;
goed uitkijken of er geen auto's rijden, want je kunt ze niet altijd horen!;Verkeer;;;Henrianne;;
Ik doe even je gordel vast.;Verkeer;;;Henrianne;;
ik zet je even op de fiets.;verkeer;;;Henrianne;;
Kijk, daar is de conducteur.;verkeer;;;Henrianne;;
Kijk, een bus.;verkeer;;;Henrianne;;
Kijk, een vrachtwagen. ;verkeer;;;Henrianne;;
Kom je bij mama op schoot zitten in de trein?;verkeer;;;Henrianne;;
kom maar in je stoeltje zitten.;verkeer;;;Henrianne;;
Kom maar, klim er maar op.;verkeer;;;Diego;;
Komt er een fiets of auto aan? Heb je echt goed gekeken?;verkeer;;;Diego;;
Kunnen we oversteken?;verkeer;;;Diego;;
Let op de fietsers!;verkeer;;;Diego;;
Links, rechts, links kijken.;verkeer;;;Diego;;
Loop maar tot het volgende stoplicht.;verkeer;;;Diego;;
Mogen de raampjes open?;verkeer;;;Diego;;
Niet zelf je gordel losmaken.;verkeer;;;Diego;;
Rustig lopen bij het oversteken.;verkeer;;;Diego;;
Stoppen bij de stoep.;verkeer;;;Diego;;
Waar gaat de trein heen?;verkeer;;;Tobias;;
Wacht even bij het stoplicht.;Verkeer;;;Tobias;;
We gaan allemaal in de lift.;verkeer;;;Tobias;;
We gaan de roltrap op.;verkeer;;;Tobias;;
We gaan eerst met de sprinter, dan met de intercity, dan met de metro en dan met de tram.;verkeer;;;Tobias;;
We gaan je helm opzetten.;verkeer;;;Tobias;;
We gaan met de auto.;verkeer;;;Tobias;;
We gaan met de fiets.;verkeer;;;Tobias;;
We gaan met de lift naar beneden.;verkeer;;;Tobias;;
We gaan met de trein;verkeer;;;Tobias;;
We gaan nu naar het station.;verkeer;;;Manouk;;
We gaan nu op de snelweg rijden.;verkeer;;;Manouk;;
We moeten even inchecken.;verkeer;;;Manouk;;
We moeten naar spoor 7.;verkeer;;;Manouk;;
We moeten uitchecken.;verkeer;;;Manouk;;
Wil je boven of beneden zitten?;verkeer;;;Manouk;;
Wil je helpen met inchecken?;verkeer;;;Manouk;;
wil je met je fiets of wil je lopen?;verkeer;;;Manouk;;
Zit je lekker?;verkeer;;;Manouk;;
Dat is een boekje.;verkeer;;;Manouk;;
Ga jij een boekje halen?;Voorlezen;;;Henrianne;;
Hoe langer jij treuzelt, hoe minder tijd we voor een boekje hebben.;Voorlezen;;;Henrianne;;
ik lees maar 5 bladzijden voor, dan is het ook echt klaar.;voorlezen;;;Henrianne;;
Ik lees maar één verhaaltje voor, want we hebben niet zo veel tijd;voorlezen;;;Henrianne;;
Je mag twee boekjes kiezen.;voorlezen;;;Diego;;
kies maar een boekje uit.;voorlezen;;;Diego;;
Kijk, wat doet Dikkie Dik?;voorlezen;;;Diego;;
Kom op, want anders hebben we geen tijd meer voor een boekje.;voorlezen;;;Diego;;
waar is de bus?;voorlezen;;;Tobias;;
wat doet de auto?;voorlezen;;;Tobias;;
Wat een gekke Dikkie Dik!;voorlezen;;;Tobias;;
Wat is dit?;voorlezen;;;Tobias;;
Welk verhaaltje wil je?;voorlezen;;;Manouk;;
Zullen we dit of dat boekje lezen?;voorlezen;;;Manouk;;
Zullen we nog een verhaaltje lezen?;voorlezen;;;Manouk;;
Alleen in dit gedeelte blijven.;voorlezen;;;Manouk;;
Alleen voor het huis spelen.;waarschuwing;;;Henrianne;;
Als je het nog een keer doet, is het klaar.;waarschuwing;;;Henrianne;;
Bij mama blijven, anders kan mama je niet zien.;waarschuwing;;;Henrianne;;
Blijf bij mij.;waarschuwing;;;Henrianne;;
Dat is niet handig, hè?;Waarschuwing;;;Henrianne;;
Dit is de laatste keer.;waarschuwing;;;Henrianne;;
Geef even antwoord.;waarschuwing;;;Henrianne;;
Geen zand in het haar gooien van Marie.;Waarschuwing;;;Henrianne;;
goed kijken, links en rechts.;waarschuwing;;;Henrianne;;
heb je me begrepen?;waarschuwing;;;Henrianne;;
Het is glad, de vloer is nat.;waarschuwing;;;Henrianne;;
Hou je goed vast.;waarschuwing;;;Henrianne;;
Hou op;waarschuwing;;;Henrianne;;
Hou op!;Waarschuwing;;;Henrianne;;
Ik heb het al een paar keer gezegd.;Waarschuwing;;;Henrianne;;
Ik heb je gewaarschuwd.;waarschuwing;;;Henrianne;;
Ik heb jou niet vast, dus jij moet mij vasthouden.;waarschuwing;;;Henrianne;;
ik wacht op je.;Waarschuwing;;;Henrianne;;
Ik wil dat je nu gewoon even luistert.;waarschuwing;;;Henrianne;;
Ik wil dat je nu ophoudt met klooien.;Waarschuwing;;;Henrianne;;
ik wil het niet nog een keer hoeven vragen. ;Waarschuwing;;;Diego;;
In dit huis bijten en duwen wij elkaar niet.;Waarschuwing;;;Diego;;
In dit huis slaan wij elkaar niet.;waarschuwing;;;Diego;;
Je bent een stout kindje nu.;waarschuwing;;;Diego;;
Je gaat dadelijk gewoon op de gang.;waarschuwing;;;Diego;;
Je mag niet rennen.;waarschuwing;;;Diego;;
Je moet je goed aan mij vasthouden.;waarschuwing;;;Diego;;
Je moet rekening houden met andere kindjes.;Waarschuwing;;;Diego;;
Je weet dat dit niet de bedoeling is.;Waarschuwing;;;Diego;;
Je weet dat dit niet oké is;Waarschuwing;;;Diego;;
Je weet de weg hier niet, dus goed bij mama blijven.;Waarschuwing;;;Diego;;
Je weet toch dat dit niet mag?;waarschuwing;;;Diego;;
jij weet heel goed hoe het hoort.;Waarschuwing;;;Diego;;
Kan je even antwoorden dan weet ik dat je me gezien hebt.;Waarschuwing;;;Diego;;
Kijk uit, dit is heet ;Waarschuwing;;;Diego;;
Kijk uit, stoppen.;waarschuwing;;;Diego;;
Komt er iets aan?;waarschuwing;;;Diego;;
Kun je even antwoorden als ik iets vraag?;waarschuwing;;;Diego;;
Laat los;Waarschuwing;;;Diego;;
Laatste kans;Waarschuwing;;;Diego;;
let op anderen;waarschuwing;;;Tobias;;
Let op elkaar;waarschuwing;;;Tobias;;
Let op!;waarschuwing;;;Tobias;;
Mama is nu echt heel boos.;waarschuwing;;;Tobias;;
Mama verliest nu haar geduld.;waarschuwing;;;Tobias;;
Mama vindt het niet fijn dat je nu niet luistert.;waarschuwing;;;Tobias;;
Met de stokken gaan we niet spelen.;waarschuwing;;;Tobias;;
niet bijten.;waarschuwing;;;Tobias;;
Niet doen!;Waarschuwing;;;Tobias;;
niet duwen;Waarschuwing;;;Tobias;;
Niet gillen.;Waarschuwing;;;Tobias;;
Niet met de stok slaan.;Waarschuwing;;;Tobias;;
niet met vreemden meegaan;waarschuwing;;;Tobias;;
Niet op het aanrecht zitten.;waarschuwing;;;Tobias;;
Niet rennen, niet rennen!;Waarschuwing;;;Tobias;;
Niet rondrennen.;Waarschuwing;;;Tobias;;
Niet spelen.;Waarschuwing;;;Tobias;;
niet trekken ;Waarschuwing;;;Tobias;;
Niet zo zeuren.;Waarschuwing;;;Tobias;;
Nu is het echt klaar, stoppen nu.;Waarschuwing;;;Tobias;;
Nu is het klaar.;waarschuwing;;;Manouk;;
Nu normaal eten;Waarschuwing;;;Manouk;;
op de stoep blijven;waarschuwing;;;Manouk;;
Ophouden, nu!;waarschuwing;;;Manouk;;
Pas op.;Waarschuwing;;;Manouk;;
stoppen voor het oversteken.;waarschuwing;;;Manouk;;
stoppen!;waarschuwing;;;Manouk;;
Voorzichtig doen!;waarschuwing;;;Manouk;;
Voorzichtig op de trap.;waarschuwing;;;Manouk;;
Waarom doe je dit?;waarschuwing;;;Manouk;;
Wacht op mij.;waarschuwing;;;Manouk;;
Wachten bij het oversteken, ;waarschuwing;;;Manouk;;
wachten!;waarschuwing;;;Manouk;;
wat doe jij nou?;waarschuwing;;;Manouk;;
Wat vind je daar nou zelf van?;waarschuwing;;;Manouk;;
Werk eens mee;waarschuwing;;;Manouk;;
Wil je even niet zo'n herrie maken?;Waarschuwing;;;Manouk;;
Zachtjes lopen, voorzichtig.;waarschuwing;;;Manouk;;
Ben je al lang wakker?;waarschuwing;;;Manouk;;
Ben je wakker?;Wakker worden/opstaan;;;Henrianne;;
Goede morgen, wakker worden!;Wakker worden/opstaan;;;Henrianne;;
Goedemorgen, heb je lekker geslapen?;Wakker worden/opstaan;;;Henrianne;;
Heb je fijne dromen gehad?;Wakker worden/opstaan;;;Diego;;
Heb je gedroomd?;Wakker worden/opstaan;;;Diego;;
Heb je lekker geslapen?;Wakker worden/opstaan;;;Diego;;
hey ben je weer wakker?;Wakker worden/opstaan;;;Tobias;;
wat heb je gedroomd?;Wakker worden/opstaan;;;Tobias;;
We doen de gordijnen open.;Wakker worden/opstaan;;;Tobias;;
Zo, wat heb je een wild kapsel!;wakker worden/opstaan;;;Manouk;;
Zullen we straks naar beneden of wil je nog even boven op bed bij papa en mama?;Wakker worden/opstaan;;;Manouk;;
Al klaar!;wakker worden/opstaan;;;Manouk;;
Ben je helemaal schoon?;Wassen & hygiëne;;;Henrianne;;
Daar is de handdoek ;Wassen & hygiëne;;;Henrianne;;
Daar moet even wat crème op.;Wassen & hygiëne;;;Henrianne;;
Dat is vies.;Wassen & hygiëne;;;Henrianne;;
Dit plekje op je huid is een beetje gek. Heb je last van dit plekje?;Wassen & hygiëne;;;Henrianne;;
Doe de kraan maar aan.;Wassen & hygiëne;;;Henrianne;;
Doe je hoofd maar achterover.;Wassen & hygiëne;;;Henrianne;;
Doe je lekker warm water erbij?;Wassen & hygiëne;;;Henrianne;;
Draai maar even naar mama.;Wassen & hygiëne;;;Henrianne;;
Droog je je haar even goed af?;Wassen & hygiëne;;;Henrianne;;
Een beetje spetteren mag wel.;Wassen & hygiëne;;;Henrianne;;
Eerst je handen wassen.;Wassen & hygiëne;;;Henrianne;;
Er zit prut in je oren. Dat heet oorsmeer.;Wassen & hygiëne;;;Henrianne;;
Even de haartjes drogen.;Wassen & hygiëne;;;Henrianne;;
Even haartjes wassen.;Wassen & hygiëne;;;Henrianne;;
Even het water voelen. (temperatuur controleren);Wassen & hygiëne;;;Henrianne;;
Even je armpjes omhoog.;Wassen & hygiëne;;;Henrianne;;
even je hoofdje schoonmaken.;Wassen & hygiëne;;;Henrianne;;
Even je oren drogen.;Wassen & hygiëne;;;Henrianne;;
Even je oren schoonmaken.;Wassen & hygiëne;;;Henrianne;;
Even je vieze neus afvegen.;Wassen & hygiëne;;;Henrianne;;
Even je voeten wassen.;Wassen & hygiëne;;;Henrianne;;
Even lekker je okseltjes wassen.;Wassen & hygiëne;;;Henrianne;;
Even lekker je rug wassen.;Wassen & hygiëne;;;Henrianne;;
ga maar op de stoel staan.;Wassen & hygiëne;;;Henrianne;;
Gaan we douchen?;Wassen & hygiëne;;;Henrianne;;
Gauw afdrogen;Wassen & hygiëne;;;Henrianne;;
Geef je handje maar aan mama.;Wassen & hygiëne;;;Henrianne;;
Getverdemme, wat een vieze oren heb jij.;Wassen & hygiëne;;;Henrianne;;
goed wrijven.;Wassen & hygiëne;;;Henrianne;;
Gooi je de handdoek niet op de grond?;Wassen & hygiëne;;;Henrianne;;
handen omhoog, niks aanraken en handen wassen.;Wassen & hygiëne;;;Henrianne;;
handen wassen en aan het tafel;Wassen & hygiëne;;;Diego;;
heb je al je handen gewassen?;Wassen & hygiëne;;;Diego;;
Heb je alles gewassen?;Wassen & hygiëne;;;Diego;;
heb je droge plekjes op je huid?;Wassen & hygiëne;;;Diego;;
Heb je je billen gewassen?;Wassen & hygiëne;;;Diego;;
Heb je je haar goed afgedroogd?;Wassen & hygiëne;;;Diego;;
Heb je je handen met zeep gewassen?;Wassen & hygiëne;;;Diego;;
Heb je je overal droog gemaakt?;Wassen & hygiëne;;;Diego;;
Heb je je piemel gewassen?;Wassen & hygiëne;;;Diego;;
Heb je je vulva gewassen?;Wassen & hygiëne;;;Diego;;
Het is altijd fijn om schoon je bed in te gaan, anders wordt je bed vies.;Wassen & hygiëne;;;Diego;;
Het is nu wel tijd om uit de douche te gaan.;Wassen & hygiëne;;;Diego;;
Het is tijd om uit bad te komen.;Wassen & hygiëne;;;Diego;;
Het wordt lekker schoon.;Wassen & hygiëne;;;Diego;;
Hey, wat heb je een vieze snoet;Wassen & hygiëne;;;Diego;;
Hier komt een wattenstaafje in je oor.;Wassen & hygiëne;;;Diego;;
hoe is je huid? Heb je nog gekke plekjes ergens?;Wassen & hygiëne;;;Diego;;
Ik doe een beetje badolie erin.;Wassen & hygiëne;;;Diego;;
Ik droog je oogjes wel even af.;Wassen & hygiëne;;;Diego;;
Ik ga je even verschonen. (situatie: schone luier);Wassen & hygiëne;;;Diego;;
Ik ga je even wassen.;Wassen & hygiëne;;;Diego;;
Ik ga je lekker schoonmaken.;Wassen & hygiëne;;;Diego;;
Is het een beetje vies?;Wassen & hygiëne;;;Diego;;
Is het koud?;Wassen & hygiëne;;;Diego;;
Is het warm? ;Wassen & hygiëne;;;Diego;;
Je bent in de zandbak geweest, dus we moeten even het zand eraf wassen.;Wassen & hygiëne;;;Diego;;
Je handen moeten echt schoon zijn.;Wassen & hygiëne;;;Diego;;
Je mag alleen stiekem in je neus peuteren.;Wassen & hygiëne;;;Diego;;
Je moet even je neus snuiten.;Wassen & hygiëne;;;Diego;;
Je moet in bad.;Wassen & hygiëne;;;Diego;;
je zweet moet eraf, dus ga maar even douchen.;Wassen & hygiëne;;;Diego;;
Jeukt het?;Wassen & hygiëne;;;Diego;;
Kijk mij maar even aan.;Wassen & hygiëne;;;Tobias;;
Kom maar op schoot zitten.;Wassen & hygiëne;;;Tobias;;
Kom maar uit bad, dan ga ik je afdrogen.;Wassen & hygiëne;;;Tobias;;
Kom maar, ik zet je in het bad.;Wassen & hygiëne;;;Tobias;;
kom maar, we gaan douchen.;Wassen & hygiëne;;;Tobias;;
Kom, ga maar even je neus snuiten;Wassen & hygiëne;;;Tobias;;
Lekker in een warm badje.;Wassen & hygiëne;;;Tobias;;
Lekker insmeren met body lotion.;Wassen & hygiëne;;;Tobias;;
Maak niet alles nat.;Wassen & hygiëne;;;Tobias;;
mag ik even aan je handen ruiken?;Wassen & hygiëne;;;Tobias;;
Mama gaat even het badje vullen.;Wassen & hygiëne;;;Tobias;;
Mama gaat nog even zalf erop smeren.;Wassen & hygiëne;;;Tobias;;
moeten we je huid nog even smeren met zalf?;Wassen & hygiëne;;;Tobias;;
Mond spoelen.;Wassen & hygiëne;;;Tobias;;
nee, dat is nog niet schoon.;Wassen & hygiëne;;;Tobias;;
niet aanzitten.;Wassen & hygiëne;;;Tobias;;
Niet in je neus peuteren.;Wassen & hygiëne;;;Tobias;;
Niet krabben.;Wassen & hygiëne;;;Tobias;;
Niet zo hard spetteren, de hele badkamer wordt nat.;Wassen & hygiëne;;;Tobias;;
Nog even afdrogen.;Wassen & hygiëne;;;Tobias;;
Nog even in je oren kijken.;Wassen & hygiëne;;;Tobias;;
Nog even je nageltjes knippen.;Wassen & hygiëne;;;Tobias;;
Nog even stil liggen.;Wassen & hygiëne;;;Tobias;;
nu gaan we je oksels afdrogen.;Wassen & hygiëne;;;Tobias;;
Nu kun je onder de douche.;wassen & hygiëne;;;Tobias;;
Oh, wat heb je rode billen;Wassen & hygiëne;;;Tobias;;
Ook tussen je billen en tussen je tenen afdrogen.;Wassen & hygiëne;;;Tobias;;
Pak de zeep maar.;Wassen & hygiëne;;;Tobias;;
Pak even een zakdoek.;Wassen & hygiëne;;;Tobias;;
pak maar een stoel ;Wassen & hygiëne;;;Tobias;;
Pas op, niet de warme kraan.;Wassen & hygiëne;;;Tobias;;
Poets je gezicht even.;Wassen & hygiëne;;;Tobias;;
Probeer je neus maar even te snuiten.;Wassen & hygiëne;;;Manouk;;
Probeer maar niet te krabben.;Wassen & hygiëne;;;Manouk;;
Rustig maar.;Wassen & hygiëne;;;Manouk;;
snuit zo hard als je kan.;Wassen & hygiëne;;;Manouk;;
spoel maar af.;Wassen & hygiëne;;;Manouk;;
Spring maar van de stoel af.;Wassen & hygiëne;;;Manouk;;
Vergeet de zeep niet.;Wassen & hygiëne;;;Manouk;;
Vergeet niet je handen te wassen.;Wassen & hygiëne;;;Manouk;;
Vieze voeten! Die moeten we even goed wassen.;Wassen & hygiëne;;;Manouk;;
volgens mij ben je nu wel schoon.;Wassen & hygiëne;;;Manouk;;
Volgens mij moeten we even naar dit plekje op je arm kijken.;Wassen & hygiëne;;;Manouk;;
Voorzichtig, niet in je ogen wrijven met de shampoo.;Wassen & hygiëne;;;Manouk;;
Wat goed dat je er niet aan krabt.;Wassen & hygiëne;;;Manouk;;
Wat heb je lange nagels, die moeten we even knippen.;Wassen & hygiëne;;;Manouk;;
We doen de badmat erin.;Wassen & hygiëne;;;Manouk;;
We doen weer een beetje koud water erbij.;Wassen & hygiëne;;;Manouk;;
We gaan lekker in bad.;Wassen & hygiëne;;;Manouk;;
We gaan lekker spetteren in bad.;Wassen & hygiëne;;;Manouk;;
We gaan niet douchen, alleen even even kort afspoelen.;Wassen & hygiëne;;;Manouk;;
We gaan nu haren wassen. ;Wassen & hygiëne;;;Manouk;;
We maken even je snoet schoon;Wassen & hygiëne;;;Manouk;;
Wil je douchegel om je te wassen?;Wassen & hygiëne;;;Manouk;;
Wil je jezelf inzepen of zal ik het doen?;Wassen & hygiëne;;;Manouk;;
Wil je zeep?;Wassen & hygiëne;;;Manouk;;
Wil je zelf badschuim erin doen?;Wassen & hygiëne;;;Manouk;;
Zeep jezelf nog eventjes goed in.;Wassen & hygiëne;;;Manouk;;
Zet de douche maar uit.;Wassen & hygiëne;;;Manouk;;
zet de kraan maar aan.;Wassen & hygiëne;;;Manouk;;
Zijn je handjes vies?;Wassen & hygiëne;;;Manouk;;
Zo meteen gaan we even een nieuwe luier aandoen, want ik moet eerst even iets pakken.;Wassen & hygiëne;;;Manouk;;
zo, helemaal schoon!;Wassen & hygiëne;;;Manouk;;
Als het regent en als de zon schijnt, komt er misschien een regenboog.;Wassen & hygiëne;;;Manouk;;
Als je het dan koud krijgt, kan je je vest alsnog aandoen.;weer;;;Henrianne;;
Als je je laarzen aandoet, dan worden je voeten niet nat.;weer;;;Henrianne;;
Anders neem ik je handschoentjes wel mee.;weer;;;Henrianne;;
Dat was wel een hele mooie bliksemschicht.;weer;;;Henrianne;;
De lucht is helemaal blauw.;weer;;;Henrianne;;
De wolken hebben even ruzie.;weer;;;Henrianne;;
Doe je muts op.;weer;;;Henrianne;;
Heb je het koud?;weer;;;Henrianne;;
Het geeft niet als je een beetje nat wordt.;weer;;;Henrianne;;
Het is een beetje bewolkt.;weer;;;Henrianne;;
Het is heel warm, dus we doen niet je winterjas aan.;weer;;;Henrianne;;
Het is helemaal wit buiten. (door de sneeuw);weer;;;Diego;;
Het is herfst, de blaadjes vallen van de boom. ;weer;;;Diego;;
Het is hier wel heel warm;weer;;;Diego;;
Het is lekker weer vandaag.;weer;;;Diego;;
Het is warm buiten, het is zomer nu.;weer;;;Diego;;
Het is warm weer, dan heb je extra water nodig.;weer;;;Diego;;
Het regent, we doen je capuchon op.;weer;;;Diego;;
Het regent, we moeten naar binnen.;weer;;;Diego;;
Het stormt buiten, dan kunnen er takken vallen.;weer;;;Diego;;
Het water is bevroren, misschien kunnen we wel schaatsen.;weer;;;Diego;;
Het zonnetje gaat schijnen.;weer;;;Diego;;
Hoe ver zou het onweer nu zijn?;weer;;;Tobias;;
Ja, het waait heel hard.;weer;;;Tobias;;
Ja, het wordt lekker weer.;weer;;;Tobias;;
kijk, een regenboog!;weer;;;Tobias;;
Kijk, er zijn wolken in de lucht. ;weer;;;Tobias;;
Kom, we gaan buiten naar de wolken kijken.;weer;;;Tobias;;
laten we vanaf binnen kijken hoe het stormt.;weer;;;Tobias;;
Misschien gaat het straks onweren.;weer;;;Tobias;;
Nu doen we je zomerjas aan.;weer;;;Tobias;;
Vandaag schijnt de zon.;weer;;;Tobias;;
Vind je de bliksem spannend?;weer;;;Tobias;;
Volgens mij zit daar regen in de wolken.;weer;;;Manouk;;
Wauw, dat waren coole bliksemschichten!;weer;;;Manouk;;
We doen handschoentjes aan, want het is koud.;weer;;;Manouk;;
We nemen een paraplu mee, dan worden we niet nat.;weer;;;Manouk;;
Welke vorm heeft die wolk?;Weer;;;Manouk;;
zal ik kijken wat voor weer het is vandaag?;weer;;;Manouk;;
Zal ik kijken wat voor weer het wordt vandaag?;weer;;;Manouk;;
Zullen we blaadjes zoeken?;weer;;;Manouk;;
Zullen we een sneeuwpop maken?;weer;;;Manouk;;
Zullen we je laarsjes aandoen? Dan kun je in de plassen stampen.;weer;;;Manouk;;
Zullen we van binnen kijken naar de bliksem?;weer;;;Manouk;;
Ach mannetje, ik zie dat je je echt niet fijn voelt.;weer;;;Manouk;;
Als je ziek bent, dan heb je slaap nodig.;Ziek zijn;;;Henrianne;;
Binnen een kwartiertje voel je je een heel stuk beter.;Ziek zijn;;;Henrianne;;
De paracetamol helpt tegen de pijn.;Ziek zijn;;;Henrianne;;
De pil zorgt ervoor dat je je beter gaat voelen.;Ziek zijn;;;Henrianne;;
Dit zijn echte pilletjes, daar mag je er maar twee van nemen.;Ziek zijn;;;Henrianne;;
Ga maar even op de bank liggen, even rustig.;Ziek zijn;;;Henrianne;;
Het gaat zo wel over.;ziek zijn;;;Diego;;
Het pilletje gaat zo werken, dan voel je je beter.;ziek zijn;;;Diego;;
Ik heb er wat vaseline opgedaan, dus het doet echt geen pijn.;ziek zijn;;;Diego;;
ik merk dat je niet zo lekker voelt.;ziek zijn;;;Diego;;
Ik wil heel even voelen hoe warm je bent.;ziek zijn;;;Diego;;
Je hebt een beetje koorts.;ziek zijn;;;Diego;;
Je moet even rustig liggen.;ziek zijn;;;Tobias;;
je moet nu even wat extra slapen;Ziek zijn;;;Tobias;;
Je voelt er niks van.;ziek zijn;;;Tobias;;
Kom maar lekker bij mama liggen.;Ziek zijn;;;Tobias;;
Kun je vertellen waar je last van hebt?;ziek zijn;;;Tobias;;
Oh jee, je hebt gespuugd.;ziek zijn;;;Tobias;;
Voel je je niet lekker?;Ziek zijn;;;Manouk;;
Wat zeggen we tegen iemand die zich niet zo lekker voelt? Beterschap.;Ziek zijn;;;Manouk;;
Wil je even slapen?;ziek zijn;;;Manouk;;
Zal ik je een paracetemolletje geven?;ziek zijn;;;Manouk;;
Zullen we een paracetemolletje nemen?;ziek zijn;;;Manouk;;
Zullen we eens even kijken of je koorts hebt?;ziek zijn;;;Manouk;;
Als je iets niet begrijpt, kun je altijd vragen stellen.;ziek zijn;;;Manouk;;
De dokter en wij zijn hier om alles uit te leggen.;Ziekenhuis;;;Henrianne;;
De verpleegster gaat goed voor je zorgen, zodat je je snel weer beter voelt.;Ziekenhuis;;;Henrianne;;
Het is niet eng als je niet alles kunt horen, papa zal bij je zijn om je te helpen begrijpen wat er gebeurt.;Ziekenhuis;;;Henrianne;;
Het is oké om vragen te hebben. ;Ziekenhuis;;;Diego;;
Het wordt een beetje een avontuur.;Ziekenhuis;;;Diego;;
Je hoeft je geen zorgen te maken als je iets niet kunt horen, we zullen alles rustig uitleggen.;Ziekenhuis;;;Diego;;
Na het ziekenhuis gaan we samen iets doen wat jij leuk vind;Ziekenhuis;;;Tobias;;
Soms zijn dingen een beetje spannend, maar papa en mama zijn er altijd om je hand vast te houden.;Ziekenhuis;;;Tobias;;
We gaan eerst naar de dokter, en daarna doen we samen iets leuks om te vieren hoe dapper je bent geweest.;Ziekenhuis;;;Manouk;;
Als je je zwembandjes omdoet, dan kunnen we samen in het diepere bad gaan.;Ziekenhuis;;;Manouk;;
Dit water kan je niet drinken.;Zwembad;;;Henrianne;;
Eerst afdrogen en dan naar binnen.;zwembad;;;Henrianne;;
Eerst even afspoelen, daarna gaan we weer even drogen en aankleden.;Zwembad;;;Henrianne;;
Je hebt in het pierenbadje gezommen, daarom moeten we nu even douchen.;Zwembad;;;Henrianne;;
kom je op mijn rug?;zwembad;;;Henrianne;;
kom, zwem onder mijn poortje door.;Zwembad;;;Henrianne;;
Met je zwembandjes kan je blijven drijven.;zwembad;;;Henrianne;;
Niet drinken.;zwembad;;;Diego;;
Niet duiken.;zwembad;;;Diego;;
niet in het water springen;zwembad;;;Diego;;
Niet plassen in het zwembad.;zwembad;;;Diego;;
niet rennen, want je kunt uitglijden;zwembad;;;Diego;;
oh moet je hoesten?;zwembad;;;Diego;;
spuug maar uit.;zwembad;;;Diego;;
Tenen eerst over de rand als je in het zwembad wilt springen.;zwembad;;;Tobias;;
Voorzichtig, want het is glad.;zwembad;;;Tobias;;
We doen je zwembandjes om.;zwembad;;;Tobias;;
We gaan even douchen.;zwembad;;;Tobias;;
We gaan even uitkleden.;zwembad;;;Tobias;;
We gaan naar het zwembad;zwembad;;;Tobias;;
we moeten eerst nog insmeren met zonnebrand en dan gaan we zwemmen.;zwembad;;;Tobias;;
Wil je je duikbril op? Dan kan je onder water kijken.;zwembad;;;Manouk;;
Wil je onder mijn poortje doorzwemmen?;zwembad;;;Manouk;;
Zullen we kopje onder?;zwembad;;;Manouk;;
Zullen we lekker spetteren?;zwembad;;;Manouk;;
Zullen we met speelgoed spelen in het water?;zwembad;;;Manouk;;
zullen we nu in het bubbelbad?;zwembad;;;Manouk;;
Als je hulp nodig hebt, dan kom je naar mama.;zwembad;;;Manouk;;
Als je naar huis wil, moet je het zeggen.;Overig;;;Henrianne;;
Begrijp je wat ze zeggen?;Overig;;;Henrianne;;
Dat deed je per ongeluk, dat kan iedereen gebeuren. ;Overig;;;Henrianne;;
Dat geeft niet.;Overig;;;Henrianne;;
Dat heb ik niet gezien.;Overig;;;Henrianne;;
Dat is zwaar. Met twee handen vasthouden.;Overig;;;Henrianne;;
Dat kunnen we niet meer maken, helaas.;Overig;;;Henrianne;;
De auto gaat niet weg zonder jou;Overig;;;Henrianne;;
die is van papa;Overig;;;Henrianne;;
een beetje zachtjes doen.;Overig;;;Henrianne;;
Even aan de kant;Overig;;;Henrianne;;
Even opzij;Overig;;;Henrianne;;
Ga je mee?;Overig;;;Henrianne;;
Ga je zelf lopen of moet mama je tillen?;Overig;;;Henrianne;;
geef maar aan mama;Overig;;;Diego;;
Geeft niks.;Overig;;;Diego;;
Gooi het maar weg;Overig;;;Diego;;
Gooi maar in de prullenbak;Overig;;;Diego;;
Heb je het te warm?;Overig;;;Diego;;
Heb je het warm?;Overig;;;Diego;;
Het is kapot.;Overig;;;Diego;;
Hier is je zonnebril.;Overig;;;Diego;;
Hier zijn je druppels (Vitame D druppels);Overig;;;Diego;;
Hou je pet maar op, dat helpt tegen de zon.;Overig;;;Diego;;
Je bent een boefje.;Overig;;;Diego;;
Je hele bed is vies.;Overig;;;Diego;;
Je mag zo je speen.;Overig;;;Diego;;
je moet eerst zeggen dat hij het niet mag doen.;Overig;;;Diego;;
Je moet even zelf zitten.;Overig;;;Tobias;;
Je moet nog even je druppels nemen.;Overig;;;Tobias;;
jij kan het wel zelf.;Overig;;;Tobias;;
Kan je het gesprek volgen?;Overig;;;Tobias;;
Kijken doe je met je ogen.;Overig;;;Tobias;;
Kom eens kijken.;Overig;;;Tobias;;
Kom, we gaan nu naar beneden;Overig;;;Tobias;;
Laat maar staan.;Overig;;;Tobias;;
Leg je knuffel maar daar neer.;Overig;;;Tobias;;
Mama heeft twee handen nodig.;Overig;;;Tobias;;
Nee, afblijven, dat is mama's zonnebril.;Overig;;;Tobias;;
Nee, dat deed je niet expres.;Overig;;;Tobias;;
nu niet, morgen weer.;Overig;;;Tobias;;
Oh jeetje, dat zijn we vergeten. ;Overig;;;Tobias;;
Oh nee, je vinger zat ertussen.;Overig;;;Manouk;;
Papa moet nu sporten;Overig;;;Manouk;;
Waar is je speen?;Overig;;;Manouk;;
We zijn de sleutels vergeten.;Overig;;;Manouk;;
We zijn zo weer thuis.;Overig;;;Manouk;;
Welke route wil je gaan?;Overig;;;Manouk;;
Welke route zullen we nemen?;Overig;;;Manouk;;
Wil je die kant op of die kant op?;Overig;;;Manouk;;
Wil je nog een keer?;Overig;;;Manouk;;
Zal mama je even helpen?;Overig;;;Manouk;;
Zet je zonnebril maar op.;Overig;;;Manouk;;
Zo is het wel genoeg.;Overig;;;Manouk;;
Zal mama het maken? ;Overig;;;Manouk;;
zullen we daar kijken?;Overig;;;Manouk;;
